AID,BID
AID1,BID1014
AID2,BID1003
AID2,BID1073
AID2,BID1347
AID2,BID2786
AID3,BID1620
AID3,BID2080
AID3,BID2773
AID3,BID480
AID3,BID607
AID4,BID848
AID5,BID1338
AID5,BID928
AID6,BID1306
AID6,BID1709
AID7,BID1039
AID7,BID1932
AID7,BID222
AID7,BID2858
AID8,BID2535
AID8,BID2921
AID8,BID2955
AID8,BID423
AID9,BID2853
AID9,BID353
AID10,BID289
AID11,BID1088
AID11,BID1153
AID11,BID2772
AID11,BID422
AID12,BID1586
AID13,BID1240
AID13,BID1335
AID14,BID2884
AID14,BID488
AID15,BID210
AID15,BID2256
AID16,BID1825
AID16,BID2990
AID17,BID1504
AID17,BID2677
AID18,BID2008
AID18,BID303
AID19,BID1555
AID19,BID2679
AID20,BID1411
AID20,BID2971
AID21,BID1814
AID21,BID496
AID21,BID568
AID21,BID605
AID22,BID110
AID22,BID2833
AID23,BID1652
AID24,BID1550
AID24,BID323
AID25,BID1063
AID25,BID1695
AID25,BID3000
AID25,BID395
AID26,BID135
AID26,BID2532
AID27,BID2838
AID27,BID379
AID27,BID625
AID28,BID307
AID28,BID531
AID28,BID828
AID29,BID991
AID30,BID2117
AID31,BID2967
AID32,BID1656
AID32,BID173
AID32,BID2381
AID32,BID737
AID33,BID1030
AID33,BID1070
AID33,BID1216
AID33,BID2731
AID33,BID75
AID34,BID1256
AID34,BID748
AID35,BID1158
AID35,BID2316
AID36,BID1199
AID36,BID2100
AID37,BID2142
AID37,BID339
AID38,BID1241
AID38,BID588
AID39,BID1212
AID39,BID471
AID40,BID120
AID40,BID1861
AID40,BID2452
AID40,BID2672
AID40,BID2951
AID41,BID789
AID42,BID978
AID43,BID1068
AID44,BID1548
AID44,BID2484
AID45,BID1852
AID46,BID1124
AID46,BID306
AID47,BID2835
AID47,BID632
AID48,BID2106
AID49,BID316
AID49,BID947
AID50,BID1488
AID51,BID2241
AID51,BID976
AID52,BID495
AID53,BID1051
AID54,BID110
AID54,BID387
AID55,BID1498
AID55,BID2097
AID56,BID724
AID57,BID1132
AID57,BID1283
AID57,BID2253
AID57,BID2451
AID58,BID2108
AID58,BID2650
AID58,BID2924
AID58,BID35
AID59,BID1981
AID60,BID2063
AID61,BID1251
AID61,BID1525
AID61,BID2704
AID61,BID2892
AID62,BID1448
AID62,BID1646
AID63,BID1770
AID63,BID2677
AID64,BID1057
AID64,BID1093
AID64,BID1760
AID64,BID342
AID64,BID364
AID65,BID909
AID66,BID1663
AID66,BID289
AID66,BID538
AID66,BID86
AID67,BID2411
AID68,BID1050
AID69,BID2278
AID70,BID2190
AID71,BID2107
AID71,BID468
AID72,BID1581
AID72,BID1611
AID72,BID431
AID73,BID1048
AID74,BID288
AID74,BID526
AID75,BID1442
AID76,BID2727
AID77,BID1826
AID78,BID1121
AID79,BID284
AID79,BID303
AID80,BID2440
AID80,BID905
AID81,BID2124
AID81,BID596
AID82,BID76
AID83,BID911
AID84,BID774
AID85,BID1823
AID85,BID1980
AID85,BID2301
AID85,BID878
AID85,BID91
AID86,BID2090
AID86,BID773
AID87,BID1650
AID87,BID2218
AID88,BID1469
AID89,BID258
AID90,BID258
AID90,BID2920
AID91,BID1131
AID92,BID2136
AID93,BID1941
AID93,BID2744
AID94,BID1516
AID94,BID986
AID95,BID1538
AID95,BID2698
AID95,BID324
AID95,BID41
AID96,BID1220
AID96,BID1281
AID96,BID2365
AID96,BID766
AID97,BID1666
AID97,BID2504
AID98,BID1542
AID98,BID2419
AID99,BID2175
AID100,BID1246
AID100,BID1301
AID100,BID2609
AID100,BID914
AID101,BID1949
AID101,BID775
AID102,BID1356
AID102,BID580
AID103,BID1033
AID103,BID1235
AID104,BID141
AID105,BID2349
AID105,BID2514
AID105,BID255
AID105,BID594
AID105,BID920
AID106,BID2162
AID106,BID804
AID107,BID118
AID107,BID865
AID108,BID1628
AID108,BID244
AID109,BID2405
AID109,BID326
AID110,BID1896
AID111,BID874
AID112,BID375
AID112,BID913
AID113,BID1482
AID113,BID2955
AID113,BID2957
AID113,BID520
AID114,BID534
AID114,BID893
AID115,BID598
AID116,BID1213
AID117,BID1958
AID117,BID2988
AID118,BID1343
AID118,BID1546
AID118,BID1705
AID118,BID2709
AID119,BID2180
AID120,BID259
AID120,BID2711
AID121,BID2083
AID122,BID1505
AID122,BID2811
AID123,BID2494
AID123,BID2737
AID123,BID627
AID123,BID823
AID124,BID1220
AID124,BID59
AID125,BID1785
AID125,BID2344
AID125,BID2418
AID125,BID346
AID126,BID213
AID126,BID2168
AID126,BID2518
AID126,BID2652
AID126,BID2703
AID127,BID147
AID127,BID2891
AID128,BID1454
AID128,BID1654
AID128,BID2154
AID128,BID743
AID128,BID768
AID129,BID1595
AID129,BID2023
AID130,BID1920
AID131,BID1559
AID131,BID1952
AID131,BID1964
AID131,BID2510
AID131,BID82
AID132,BID1581
AID132,BID2299
AID133,BID2318
AID133,BID985
AID134,BID1443
AID134,BID2337
AID135,BID1324
AID135,BID2048
AID135,BID2823
AID135,BID951
AID136,BID1087
AID136,BID2470
AID137,BID1507
AID138,BID1665
AID139,BID130
AID139,BID159
AID140,BID197
AID141,BID413
AID142,BID1239
AID143,BID92
AID144,BID2038
AID145,BID1411
AID145,BID2538
AID145,BID672
AID146,BID2036
AID146,BID2632
AID147,BID1696
AID147,BID2114
AID148,BID2580
AID148,BID352
AID149,BID1426
AID149,BID1707
AID149,BID525
AID150,BID2421
AID150,BID2732
AID150,BID589
AID151,BID2446
AID152,BID2016
AID152,BID2264
AID152,BID267
AID152,BID2916
AID153,BID2206
AID153,BID262
AID154,BID1969
AID154,BID2877
AID155,BID2323
AID155,BID2514
AID156,BID1734
AID156,BID2142
AID156,BID2761
AID157,BID1309
AID157,BID1460
AID158,BID1013
AID159,BID1614
AID159,BID2481
AID160,BID2886
AID160,BID2966
AID161,BID2069
AID161,BID2165
AID161,BID2275
AID161,BID2555
AID161,BID920
AID162,BID2381
AID163,BID2731
AID163,BID789
AID164,BID2738
AID165,BID1348
AID165,BID137
AID165,BID190
AID165,BID709
AID166,BID447
AID167,BID2926
AID167,BID827
AID168,BID2802
AID168,BID2811
AID168,BID641
AID169,BID1418
AID169,BID2408
AID170,BID821
AID170,BID959
AID171,BID1178
AID171,BID374
AID172,BID1040
AID172,BID731
AID173,BID1920
AID173,BID446
AID174,BID2411
AID175,BID2199
AID176,BID1424
AID177,BID1311
AID177,BID1444
AID178,BID1212
AID178,BID179
AID178,BID2226
AID178,BID2991
AID179,BID1502
AID179,BID159
AID179,BID1711
AID179,BID1792
AID179,BID925
AID180,BID1215
AID180,BID1638
AID180,BID1807
AID181,BID1305
AID181,BID1953
AID182,BID1594
AID183,BID1128
AID183,BID1459
AID184,BID1868
AID184,BID2420
AID184,BID529
AID184,BID566
AID184,BID852
AID185,BID1146
AID185,BID123
AID185,BID1605
AID185,BID7
AID186,BID755
AID187,BID2366
AID187,BID89
AID188,BID1639
AID188,BID479
AID189,BID906
AID190,BID154
AID191,BID1027
AID191,BID2151
AID192,BID466
AID192,BID482
AID193,BID1164
AID193,BID117
AID193,BID2909
AID193,BID970
AID194,BID1002
AID194,BID2053
AID195,BID1029
AID195,BID1806
AID196,BID1613
AID196,BID885
AID197,BID2792
AID197,BID453
AID198,BID1783
AID198,BID1915
AID199,BID1749
AID199,BID248
AID199,BID50
AID199,BID807
AID200,BID2206
AID200,BID389
AID201,BID1479
AID201,BID872
AID202,BID1151
AID202,BID1811
AID202,BID1864
AID202,BID2652
AID202,BID2986
AID203,BID2097
AID204,BID2584
AID205,BID1616
AID206,BID2310
AID206,BID34
AID207,BID1021
AID207,BID1736
AID207,BID2737
AID208,BID2406
AID208,BID604
AID209,BID1612
AID209,BID2945
AID210,BID2463
AID211,BID1187
AID211,BID2033
AID212,BID1179
AID212,BID194
AID212,BID2254
AID212,BID552
AID212,BID744
AID213,BID1740
AID213,BID897
AID214,BID1152
AID214,BID2605
AID215,BID2014
AID215,BID2634
AID216,BID869
AID217,BID1459
AID217,BID2691
AID218,BID1448
AID219,BID1401
AID219,BID632
AID220,BID1962
AID220,BID2381
AID220,BID2666
AID220,BID2739
AID220,BID360
AID221,BID1351
AID221,BID2276
AID222,BID2210
AID222,BID2430
AID223,BID1115
AID223,BID1131
AID224,BID2915
AID224,BID475
AID225,BID2268
AID226,BID1593
AID226,BID2613
AID227,BID1168
AID228,BID1070
AID228,BID1540
AID228,BID1579
AID228,BID647
AID228,BID935
AID229,BID429
AID229,BID702
AID230,BID2206
AID231,BID1098
AID231,BID29
AID232,BID1418
AID232,BID190
AID233,BID1885
AID233,BID2705
AID234,BID71
AID235,BID2722
AID236,BID1425
AID236,BID1804
AID236,BID2287
AID236,BID3
AID237,BID1134
AID237,BID1227
AID237,BID1959
AID237,BID2391
AID237,BID852
AID238,BID2293
AID238,BID2826
AID239,BID627
AID239,BID984
AID240,BID1351
AID240,BID1357
AID240,BID2954
AID240,BID61
AID241,BID1989
AID241,BID2803
AID241,BID553
AID242,BID1608
AID243,BID1378
AID244,BID2446
AID245,BID2632
AID246,BID1017
AID246,BID1155
AID246,BID1915
AID246,BID2772
AID247,BID2469
AID248,BID1353
AID249,BID1031
AID249,BID2621
AID250,BID184
AID250,BID2134
AID251,BID495
AID252,BID2139
AID252,BID575
AID253,BID2991
AID253,BID734
AID254,BID2630
AID255,BID1097
AID256,BID1481
AID256,BID2673
AID256,BID2856
AID257,BID1441
AID258,BID883
AID259,BID265
AID260,BID2832
AID261,BID2604
AID262,BID1493
AID263,BID2707
AID263,BID612
AID264,BID1195
AID265,BID341
AID266,BID380
AID267,BID1778
AID267,BID265
AID268,BID1449
AID268,BID2606
AID269,BID1044
AID269,BID742
AID270,BID2128
AID270,BID747
AID271,BID2386
AID272,BID2039
AID272,BID2124
AID273,BID2315
AID273,BID2746
AID274,BID1082
AID274,BID2276
AID274,BID2787
AID274,BID422
AID275,BID2766
AID275,BID294
AID276,BID2039
AID276,BID2482
AID277,BID581
AID278,BID103
AID278,BID20
AID278,BID2411
AID278,BID2535
AID279,BID95
AID280,BID2752
AID281,BID147
AID281,BID1580
AID282,BID1251
AID282,BID154
AID283,BID1182
AID283,BID1572
AID283,BID2632
AID284,BID1156
AID284,BID2691
AID285,BID11
AID285,BID2276
AID286,BID1233
AID286,BID2198
AID287,BID647
AID288,BID118
AID289,BID1960
AID289,BID2197
AID290,BID2240
AID290,BID233
AID290,BID2862
AID290,BID2875
AID290,BID855
AID291,BID1192
AID291,BID1260
AID291,BID1748
AID291,BID2753
AID292,BID1179
AID292,BID2556
AID293,BID2204
AID293,BID80
AID294,BID1389
AID294,BID1543
AID294,BID1830
AID294,BID2015
AID294,BID483
AID295,BID1875
AID295,BID1890
AID295,BID2437
AID295,BID398
AID295,BID808
AID296,BID1172
AID297,BID2305
AID297,BID527
AID298,BID464
AID298,BID760
AID299,BID1981
AID299,BID2249
AID299,BID2677
AID299,BID363
AID300,BID1344
AID301,BID361
AID302,BID2708
AID302,BID766
AID303,BID147
AID303,BID2154
AID303,BID509
AID303,BID988
AID304,BID2182
AID304,BID696
AID305,BID1831
AID306,BID966
AID307,BID2082
AID307,BID2906
AID308,BID1365
AID308,BID1858
AID308,BID2214
AID309,BID2208
AID310,BID1071
AID310,BID1280
AID310,BID849
AID310,BID958
AID311,BID624
AID311,BID811
AID312,BID1124
AID312,BID496
AID313,BID1117
AID313,BID1141
AID313,BID2265
AID313,BID2762
AID313,BID2989
AID314,BID714
AID315,BID1815
AID315,BID2032
AID316,BID1945
AID317,BID2555
AID318,BID1929
AID318,BID206
AID318,BID642
AID319,BID1465
AID319,BID2378
AID320,BID1372
AID320,BID301
AID321,BID1699
AID321,BID201
AID321,BID489
AID322,BID1626
AID322,BID405
AID323,BID2843
AID323,BID2924
AID324,BID1781
AID324,BID919
AID325,BID287
AID326,BID423
AID326,BID928
AID327,BID2993
AID328,BID925
AID329,BID2050
AID330,BID2905
AID331,BID1890
AID331,BID405
AID332,BID783
AID332,BID968
AID333,BID2158
AID333,BID2396
AID333,BID2434
AID333,BID2590
AID334,BID2434
AID334,BID2873
AID335,BID970
AID336,BID255
AID337,BID2487
AID338,BID163
AID338,BID1829
AID338,BID2148
AID338,BID2919
AID338,BID704
AID339,BID2250
AID339,BID2813
AID340,BID1644
AID341,BID2559
AID341,BID2802
AID341,BID682
AID342,BID2086
AID342,BID2410
AID342,BID2853
AID342,BID2894
AID342,BID2938
AID343,BID1852
AID344,BID2708
AID344,BID2947
AID345,BID2126
AID346,BID1052
AID346,BID1599
AID347,BID865
AID348,BID2408
AID349,BID1471
AID349,BID2113
AID349,BID2771
AID349,BID346
AID350,BID1571
AID350,BID2235
AID351,BID635
AID352,BID628
AID353,BID713
AID354,BID501
AID354,BID768
AID355,BID1338
AID355,BID212
AID355,BID564
AID355,BID98
AID356,BID341
AID356,BID880
AID357,BID1813
AID357,BID2479
AID357,BID2665
AID357,BID421
AID357,BID844
AID358,BID1896
AID359,BID2073
AID359,BID2217
AID360,BID1594
AID361,BID2083
AID361,BID2789
AID362,BID1310
AID363,BID1138
AID363,BID1715
AID363,BID1755
AID363,BID2306
AID363,BID895
AID364,BID2434
AID364,BID929
AID365,BID2286
AID365,BID458
AID366,BID2711
AID367,BID955
AID368,BID1222
AID368,BID1307
AID369,BID1332
AID370,BID108
AID370,BID17
AID370,BID1869
AID370,BID2119
AID370,BID2508
AID371,BID2643
AID372,BID1484
AID372,BID888
AID373,BID2850
AID374,BID2268
AID374,BID51
AID375,BID1147
AID375,BID1681
AID376,BID1276
AID376,BID1382
AID376,BID1402
AID376,BID1764
AID376,BID636
AID377,BID2306
AID377,BID953
AID378,BID1137
AID378,BID2259
AID379,BID164
AID380,BID1076
AID380,BID1137
AID380,BID1898
AID380,BID2349
AID380,BID78
AID381,BID1752
AID381,BID1934
AID382,BID111
AID382,BID1855
AID382,BID263
AID382,BID906
AID382,BID983
AID383,BID161
AID384,BID1321
AID384,BID2887
AID385,BID401
AID385,BID707
AID386,BID2720
AID386,BID537
AID387,BID1
AID387,BID1987
AID387,BID2276
AID387,BID34
AID388,BID1723
AID389,BID1169
AID389,BID1537
AID389,BID32
AID390,BID1156
AID391,BID1477
AID391,BID76
AID392,BID41
AID392,BID836
AID393,BID1633
AID393,BID2469
AID394,BID1283
AID394,BID1401
AID394,BID1734
AID394,BID2305
AID394,BID2675
AID395,BID23
AID395,BID756
AID396,BID624
AID397,BID1533
AID397,BID854
AID398,BID318
AID398,BID758
AID399,BID1102
AID399,BID1722
AID399,BID2375
AID399,BID700
AID400,BID1744
AID400,BID681
AID401,BID2689
AID402,BID2297
AID403,BID392
AID403,BID772
AID404,BID1239
AID404,BID1595
AID405,BID1863
AID406,BID1592
AID407,BID1762
AID407,BID2209
AID407,BID2257
AID407,BID307
AID407,BID401
AID408,BID2453
AID409,BID1559
AID409,BID2657
AID410,BID491
AID411,BID1772
AID412,BID1073
AID412,BID639
AID413,BID1356
AID413,BID371
AID413,BID604
AID413,BID615
AID414,BID1790
AID415,BID255
AID415,BID2885
AID416,BID1212
AID416,BID1216
AID416,BID2450
AID416,BID2472
AID417,BID2046
AID418,BID1790
AID418,BID2986
AID419,BID2215
AID419,BID504
AID420,BID1454
AID420,BID825
AID421,BID2043
AID422,BID1977
AID422,BID927
AID423,BID1144
AID423,BID1307
AID423,BID135
AID423,BID1775
AID424,BID1627
AID424,BID2161
AID424,BID2598
AID424,BID2642
AID424,BID884
AID425,BID1198
AID425,BID72
AID426,BID1955
AID426,BID2080
AID426,BID2082
AID426,BID2302
AID426,BID568
AID427,BID227
AID428,BID1832
AID428,BID2935
AID428,BID894
AID428,BID986
AID429,BID2522
AID429,BID568
AID430,BID1284
AID430,BID2207
AID431,BID2590
AID432,BID2240
AID432,BID759
AID433,BID110
AID433,BID1860
AID433,BID2282
AID433,BID2675
AID434,BID2461
AID434,BID846
AID435,BID810
AID436,BID2776
AID437,BID1184
AID437,BID1746
AID438,BID1900
AID438,BID2446
AID439,BID354
AID439,BID98
AID440,BID1167
AID440,BID1457
AID440,BID2567
AID440,BID2910
AID441,BID1629
AID441,BID913
AID442,BID2310
AID443,BID1571
AID443,BID2223
AID444,BID2774
AID444,BID32
AID445,BID1055
AID445,BID996
AID446,BID1226
AID447,BID1967
AID448,BID1085
AID448,BID2347
AID448,BID5
AID448,BID673
AID449,BID1918
AID449,BID2053
AID450,BID1495
AID451,BID110
AID451,BID190
AID452,BID1457
AID452,BID1980
AID452,BID268
AID452,BID611
AID453,BID1598
AID454,BID113
AID454,BID1390
AID454,BID350
AID454,BID589
AID454,BID696
AID455,BID2075
AID456,BID2209
AID456,BID2484
AID457,BID1673
AID457,BID555
AID458,BID2125
AID459,BID2192
AID459,BID2431
AID460,BID1762
AID460,BID2901
AID461,BID1295
AID461,BID1587
AID462,BID2661
AID463,BID2495
AID464,BID2598
AID465,BID1204
AID465,BID628
AID466,BID81
AID467,BID2324
AID467,BID2743
AID468,BID1838
AID468,BID500
AID469,BID1019
AID469,BID1474
AID469,BID2363
AID469,BID413
AID469,BID563
AID470,BID1050
AID470,BID1960
AID471,BID740
AID471,BID771
AID472,BID1123
AID472,BID1527
AID472,BID1974
AID472,BID436
AID472,BID633
AID473,BID1426
AID473,BID149
AID473,BID2309
AID473,BID2334
AID473,BID76
AID474,BID1741
AID475,BID2635
AID475,BID59
AID476,BID318
AID476,BID884
AID476,BID904
AID477,BID2920
AID477,BID310
AID478,BID1059
AID478,BID6
AID479,BID591
AID480,BID2185
AID480,BID570
AID481,BID887
AID482,BID2321
AID482,BID2862
AID483,BID1710
AID483,BID2087
AID484,BID1975
AID484,BID362
AID485,BID167
AID485,BID1706
AID486,BID1084
AID486,BID1283
AID486,BID2664
AID487,BID1969
AID488,BID1129
AID489,BID1795
AID490,BID1339
AID490,BID544
AID490,BID707
AID490,BID87
AID491,BID2022
AID491,BID2237
AID491,BID2970
AID491,BID42
AID492,BID1029
AID492,BID1714
AID492,BID482
AID492,BID78
AID493,BID903
AID494,BID1292
AID494,BID2120
AID495,BID2407
AID495,BID857
AID496,BID105
AID497,BID1692
AID497,BID1921
AID497,BID2784
AID497,BID410
AID497,BID899
AID498,BID2104
AID499,BID1060
AID499,BID2006
AID500,BID1440
AID500,BID1655
AID501,BID41
AID502,BID18
AID502,BID2252
AID503,BID2758
AID503,BID345
AID504,BID2519
AID504,BID2819
AID505,BID1027
AID506,BID1341
AID506,BID2797
AID506,BID374
AID506,BID781
AID506,BID940
AID507,BID1146
AID507,BID1574
AID507,BID308
AID507,BID654
AID508,BID482
AID508,BID834
AID509,BID752
AID510,BID1394
AID511,BID1355
AID511,BID2695
AID512,BID1133
AID512,BID1574
AID512,BID1738
AID512,BID2352
AID512,BID889
AID513,BID1186
AID513,BID1614
AID513,BID2545
AID513,BID2762
AID513,BID2917
AID514,BID24
AID515,BID1880
AID515,BID2878
AID516,BID1358
AID516,BID1937
AID517,BID1408
AID517,BID239
AID517,BID805
AID517,BID867
AID518,BID2618
AID518,BID2625
AID519,BID2991
AID520,BID1276
AID520,BID2913
AID520,BID294
AID521,BID1189
AID521,BID305
AID522,BID1410
AID523,BID1093
AID524,BID1380
AID524,BID1695
AID525,BID2855
AID525,BID565
AID526,BID1473
AID526,BID2028
AID527,BID1520
AID527,BID1694
AID528,BID1759
AID528,BID2086
AID528,BID2660
AID528,BID2953
AID528,BID76
AID529,BID1366
AID529,BID472
AID530,BID748
AID531,BID131
AID531,BID2768
AID532,BID636
AID533,BID1313
AID533,BID2252
AID534,BID1619
AID534,BID2640
AID535,BID195
AID535,BID2006
AID536,BID842
AID537,BID2748
AID537,BID514
AID538,BID2451
AID539,BID745
AID539,BID8
AID540,BID153
AID541,BID278
AID542,BID2216
AID542,BID824
AID543,BID1431
AID543,BID2801
AID544,BID2466
AID545,BID1251
AID546,BID1077
AID546,BID1195
AID547,BID1751
AID548,BID1951
AID548,BID384
AID549,BID1041
AID549,BID2676
AID549,BID459
AID550,BID1785
AID550,BID491
AID551,BID1141
AID551,BID2364
AID551,BID2907
AID551,BID741
AID552,BID2380
AID552,BID2709
AID553,BID1874
AID554,BID780
AID555,BID468
AID555,BID626
AID556,BID1587
AID556,BID1825
AID557,BID1553
AID557,BID1597
AID558,BID1527
AID558,BID777
AID559,BID176
AID560,BID1029
AID560,BID701
AID561,BID1322
AID561,BID1824
AID562,BID1027
AID562,BID1633
AID563,BID237
AID563,BID2950
AID564,BID1278
AID564,BID1913
AID565,BID5
AID566,BID2506
AID566,BID759
AID567,BID1131
AID567,BID1270
AID567,BID1972
AID567,BID411
AID568,BID1536
AID568,BID1567
AID568,BID1585
AID569,BID1781
AID570,BID1193
AID570,BID1209
AID570,BID847
AID571,BID2061
AID572,BID2475
AID572,BID625
AID573,BID1196
AID574,BID1839
AID574,BID756
AID575,BID734
AID576,BID1857
AID576,BID982
AID577,BID2418
AID578,BID1172
AID578,BID1964
AID579,BID1378
AID579,BID1896
AID580,BID366
AID581,BID886
AID581,BID913
AID582,BID2090
AID582,BID2230
AID582,BID75
AID583,BID102
AID583,BID1433
AID584,BID2216
AID585,BID2235
AID586,BID505
AID587,BID2008
AID587,BID814
AID588,BID423
AID588,BID765
AID589,BID1063
AID590,BID1883
AID590,BID2683
AID590,BID295
AID590,BID328
AID591,BID1662
AID591,BID595
AID592,BID117
AID592,BID2713
AID593,BID2296
AID593,BID948
AID594,BID1080
AID594,BID2501
AID595,BID1344
AID595,BID1426
AID596,BID1309
AID596,BID1858
AID596,BID2292
AID596,BID292
AID597,BID2682
AID598,BID269
AID598,BID529
AID599,BID688
AID600,BID1211
AID600,BID2703
AID601,BID2346
AID602,BID2811
AID603,BID1924
AID603,BID378
AID604,BID1468
AID604,BID2835
AID605,BID2084
AID606,BID2180
AID606,BID962
AID607,BID1865
AID607,BID1871
AID607,BID2763
AID607,BID465
AID608,BID1475
AID609,BID1459
AID610,BID1162
AID610,BID2218
AID610,BID2429
AID610,BID397
AID611,BID1451
AID611,BID283
AID612,BID740
AID613,BID564
AID614,BID2066
AID615,BID1398
AID615,BID2448
AID616,BID133
AID616,BID172
AID616,BID2430
AID617,BID199
AID618,BID1708
AID618,BID2234
AID618,BID2445
AID619,BID178
AID619,BID2038
AID620,BID2293
AID620,BID374
AID621,BID1478
AID622,BID2065
AID623,BID2052
AID624,BID1283
AID624,BID1357
AID625,BID2919
AID626,BID1190
AID626,BID2845
AID627,BID542
AID628,BID2523
AID628,BID553
AID629,BID2515
AID630,BID43
AID630,BID764
AID631,BID1187
AID631,BID749
AID632,BID1463
AID632,BID147
AID632,BID1477
AID632,BID2121
AID632,BID2597
AID633,BID2675
AID633,BID661
AID634,BID1460
AID634,BID2894
AID634,BID730
AID635,BID707
AID636,BID1098
AID637,BID2277
AID638,BID1435
AID638,BID1477
AID639,BID2770
AID640,BID718
AID641,BID2629
AID642,BID1830
AID642,BID2211
AID643,BID1517
AID643,BID1683
AID643,BID2120
AID643,BID2844
AID643,BID956
AID644,BID1533
AID644,BID1602
AID644,BID1709
AID644,BID176
AID644,BID425
AID645,BID123
AID645,BID2089
AID646,BID1697
AID647,BID2663
AID647,BID2898
AID648,BID1379
AID648,BID1381
AID649,BID2110
AID649,BID2867
AID650,BID1046
AID650,BID1239
AID650,BID2484
AID650,BID2603
AID651,BID2547
AID652,BID1720
AID652,BID244
AID653,BID1598
AID653,BID2727
AID653,BID520
AID653,BID591
AID654,BID2419
AID655,BID1616
AID655,BID1777
AID655,BID1887
AID655,BID1889
AID656,BID1689
AID656,BID636
AID657,BID1350
AID657,BID1981
AID657,BID233
AID657,BID407
AID658,BID1092
AID658,BID358
AID659,BID1033
AID659,BID611
AID660,BID1078
AID661,BID215
AID661,BID2279
AID662,BID1978
AID662,BID1980
AID663,BID2905
AID664,BID2135
AID664,BID2546
AID665,BID1169
AID665,BID464
AID666,BID1449
AID667,BID1861
AID667,BID2163
AID667,BID689
AID668,BID2727
AID669,BID1807
AID670,BID171
AID670,BID2003
AID670,BID2414
AID670,BID715
AID671,BID16
AID672,BID995
AID673,BID2331
AID673,BID720
AID674,BID2561
AID674,BID2805
AID675,BID1137
AID675,BID1204
AID675,BID1673
AID675,BID682
AID675,BID949
AID676,BID1349
AID676,BID2778
AID677,BID829
AID678,BID265
AID678,BID433
AID679,BID2068
AID680,BID90
AID681,BID2803
AID682,BID1853
AID683,BID1199
AID683,BID2163
AID683,BID283
AID683,BID591
AID683,BID902
AID684,BID1354
AID685,BID733
AID686,BID462
AID687,BID823
AID688,BID2064
AID688,BID2279
AID689,BID1067
AID689,BID2911
AID690,BID1139
AID690,BID2933
AID690,BID487
AID691,BID2247
AID691,BID2433
AID691,BID929
AID691,BID977
AID692,BID2194
AID693,BID1189
AID693,BID1845
AID693,BID213
AID693,BID2144
AID694,BID1243
AID694,BID1769
AID694,BID2351
AID694,BID587
AID695,BID2560
AID695,BID431
AID696,BID1676
AID697,BID131
AID698,BID2456
AID698,BID785
AID699,BID2338
AID700,BID1597
AID700,BID1988
AID700,BID337
AID701,BID2920
AID701,BID400
AID702,BID1543
AID703,BID273
AID704,BID1967
AID704,BID318
AID705,BID2417
AID705,BID2595
AID705,BID357
AID705,BID482
AID706,BID1121
AID707,BID2807
AID708,BID1515
AID708,BID1687
AID709,BID1012
AID710,BID1874
AID710,BID2809
AID711,BID2501
AID712,BID1522
AID712,BID423
AID713,BID1448
AID713,BID789
AID714,BID946
AID715,BID1257
AID715,BID2476
AID715,BID2948
AID715,BID361
AID716,BID189
AID716,BID459
AID717,BID1397
AID717,BID2650
AID717,BID544
AID717,BID587
AID718,BID1986
AID718,BID468
AID719,BID125
AID719,BID207
AID719,BID2272
AID719,BID608
AID719,BID990
AID720,BID1531
AID721,BID287
AID721,BID725
AID722,BID2671
AID722,BID42
AID723,BID1646
AID723,BID2568
AID724,BID1203
AID724,BID2413
AID724,BID2676
AID724,BID2788
AID724,BID528
AID725,BID2071
AID725,BID2187
AID725,BID2318
AID725,BID2987
AID725,BID595
AID726,BID13
AID727,BID1271
AID728,BID693
AID729,BID1152
AID730,BID2508
AID731,BID2499
AID731,BID921
AID732,BID2230
AID732,BID2677
AID732,BID2991
AID732,BID642
AID733,BID2169
AID733,BID2886
AID734,BID2202
AID735,BID1422
AID735,BID1866
AID735,BID365
AID735,BID555
AID735,BID777
AID736,BID1290
AID736,BID1454
AID737,BID281
AID737,BID974
AID738,BID1225
AID738,BID2613
AID738,BID424
AID738,BID965
AID739,BID2574
AID740,BID2294
AID741,BID1304
AID741,BID2487
AID742,BID1220
AID742,BID1937
AID742,BID212
AID742,BID427
AID743,BID1362
AID743,BID2012
AID744,BID972
AID745,BID2973
AID745,BID647
AID745,BID673
AID746,BID1791
AID746,BID2572
AID747,BID1363
AID748,BID1073
AID748,BID1405
AID748,BID225
AID749,BID1733
AID749,BID406
AID750,BID1166
AID750,BID2571
AID750,BID2771
AID750,BID546
AID750,BID579
AID751,BID1184
AID751,BID613
AID752,BID1292
AID752,BID2717
AID753,BID2153
AID753,BID250
AID754,BID1366
AID755,BID126
AID756,BID1334
AID757,BID2913
AID758,BID2698
AID759,BID2014
AID760,BID1337
AID761,BID973
AID762,BID1545
AID762,BID2857
AID763,BID698
AID764,BID1573
AID764,BID609
AID765,BID1007
AID765,BID1758
AID765,BID1872
AID765,BID2855
AID766,BID1277
AID767,BID415
AID768,BID1095
AID768,BID1617
AID769,BID328
AID770,BID1830
AID770,BID687
AID771,BID1684
AID771,BID446
AID771,BID645
AID772,BID2840
AID773,BID1448
AID773,BID2240
AID773,BID2764
AID774,BID622
AID775,BID2843
AID775,BID293
AID776,BID1292
AID776,BID1930
AID776,BID2431
AID777,BID125
AID777,BID1288
AID777,BID1521
AID777,BID2677
AID777,BID345
AID778,BID1008
AID778,BID1982
AID779,BID1861
AID779,BID2214
AID780,BID2400
AID780,BID883
AID781,BID42
AID782,BID1439
AID782,BID1461
AID782,BID285
AID782,BID297
AID783,BID1527
AID784,BID1409
AID784,BID2327
AID784,BID2498
AID785,BID1278
AID785,BID2192
AID785,BID2294
AID785,BID821
AID786,BID2632
AID787,BID2418
AID788,BID2303
AID789,BID1175
AID789,BID645
AID790,BID645
AID791,BID166
AID791,BID2542
AID791,BID2821
AID791,BID566
AID792,BID1326
AID792,BID1635
AID792,BID1669
AID792,BID1917
AID792,BID435
AID793,BID1387
AID793,BID2750
AID794,BID197
AID795,BID1703
AID795,BID1704
AID795,BID2995
AID796,BID1370
AID796,BID1900
AID797,BID1301
AID798,BID664
AID799,BID1182
AID799,BID2462
AID799,BID2533
AID799,BID2793
AID799,BID805
AID800,BID1461
AID800,BID1761
AID801,BID501
AID801,BID554
AID802,BID1862
AID802,BID2941
AID803,BID1991
AID803,BID2185
AID803,BID2704
AID803,BID2860
AID804,BID1184
AID805,BID111
AID805,BID1122
AID805,BID1471
AID805,BID2284
AID806,BID1091
AID806,BID1509
AID807,BID2132
AID808,BID758
AID809,BID1066
AID809,BID2085
AID809,BID2513
AID809,BID2684
AID810,BID1976
AID810,BID2665
AID811,BID15
AID811,BID1689
AID812,BID1230
AID812,BID155
AID812,BID2385
AID812,BID263
AID813,BID1420
AID813,BID1873
AID814,BID55
AID814,BID603
AID815,BID2432
AID815,BID2560
AID815,BID2990
AID816,BID1270
AID816,BID355
AID817,BID2241
AID817,BID547
AID818,BID723
AID819,BID1277
AID819,BID2246
AID820,BID2756
AID821,BID1896
AID822,BID1818
AID822,BID2182
AID822,BID286
AID823,BID2365
AID823,BID740
AID824,BID1410
AID824,BID596
AID825,BID2494
AID825,BID260
AID826,BID2853
AID827,BID1090
AID827,BID1190
AID828,BID181
AID828,BID2829
AID829,BID1151
AID829,BID1834
AID830,BID1748
AID830,BID2565
AID831,BID1909
AID831,BID2060
AID832,BID1873
AID832,BID600
AID833,BID1416
AID833,BID664
AID834,BID68
AID834,BID697
AID834,BID769
AID835,BID2545
AID836,BID1500
AID836,BID2755
AID837,BID793
AID838,BID875
AID838,BID928
AID839,BID1825
AID839,BID413
AID839,BID43
AID839,BID565
AID839,BID841
AID840,BID1922
AID841,BID830
AID842,BID2611
AID842,BID980
AID843,BID1888
AID844,BID2068
AID845,BID2747
AID846,BID1741
AID847,BID1713
AID848,BID107
AID848,BID1637
AID848,BID2663
AID848,BID2758
AID849,BID885
AID850,BID504
AID851,BID1591
AID851,BID1800
AID851,BID1817
AID851,BID61
AID852,BID1564
AID853,BID1998
AID854,BID1834
AID855,BID2245
AID856,BID1897
AID857,BID1511
AID858,BID110
AID858,BID1773
AID859,BID2856
AID860,BID2372
AID860,BID346
AID861,BID1073
AID861,BID1323
AID861,BID134
AID861,BID1423
AID862,BID1978
AID863,BID1244
AID863,BID1362
AID864,BID1967
AID865,BID1813
AID865,BID2464
AID866,BID2720
AID867,BID1717
AID867,BID1755
AID867,BID2063
AID867,BID2321
AID867,BID480
AID868,BID2648
AID869,BID2887
AID870,BID140
AID870,BID1604
AID870,BID1606
AID870,BID585
AID870,BID804
AID871,BID806
AID872,BID1758
AID872,BID2216
AID872,BID2756
AID872,BID305
AID872,BID616
AID873,BID2568
AID873,BID523
AID874,BID1000
AID874,BID1480
AID875,BID2197
AID876,BID1784
AID876,BID2118
AID877,BID434
AID877,BID618
AID878,BID797
AID878,BID997
AID879,BID1536
AID879,BID2400
AID879,BID960
AID880,BID2389
AID881,BID178
AID881,BID799
AID881,BID893
AID882,BID1519
AID882,BID2708
AID883,BID2945
AID883,BID378
AID884,BID2688
AID885,BID2875
AID886,BID274
AID887,BID2678
AID887,BID634
AID888,BID2705
AID888,BID49
AID888,BID519
AID889,BID930
AID890,BID2016
AID890,BID2203
AID891,BID113
AID891,BID1712
AID891,BID1752
AID891,BID803
AID892,BID373
AID892,BID914
AID893,BID2708
AID893,BID786
AID893,BID966
AID894,BID1472
AID894,BID403
AID894,BID731
AID894,BID954
AID895,BID1458
AID895,BID296
AID896,BID2158
AID897,BID2622
AID898,BID224
AID899,BID1329
AID899,BID2157
AID900,BID270
AID901,BID2562
AID901,BID915
AID902,BID148
AID902,BID1536
AID902,BID2114
AID902,BID2888
AID903,BID1049
AID904,BID1479
AID904,BID243
AID905,BID519
AID906,BID2570
AID907,BID118
AID907,BID1303
AID907,BID1711
AID907,BID250
AID907,BID760
AID908,BID1069
AID908,BID2181
AID909,BID1288
AID909,BID168
AID909,BID439
AID909,BID692
AID910,BID1335
AID910,BID1810
AID910,BID2207
AID910,BID2584
AID911,BID1424
AID911,BID2713
AID912,BID1180
AID912,BID544
AID913,BID1833
AID913,BID1900
AID913,BID2597
AID913,BID672
AID913,BID972
AID914,BID1005
AID914,BID1770
AID914,BID2540
AID914,BID938
AID915,BID232
AID915,BID2737
AID916,BID2352
AID917,BID555
AID917,BID835
AID918,BID1156
AID918,BID2901
AID918,BID529
AID918,BID999
AID919,BID1020
AID920,BID2254
AID920,BID2848
AID921,BID556
AID922,BID600
AID922,BID935
AID923,BID1543
AID923,BID241
AID924,BID2710
AID924,BID723
AID925,BID1407
AID925,BID2230
AID926,BID1809
AID926,BID357
AID927,BID1917
AID927,BID2775
AID928,BID17
AID929,BID1218
AID930,BID1112
AID930,BID1493
AID931,BID28
AID931,BID533
AID932,BID2692
AID933,BID2381
AID934,BID2858
AID934,BID2922
AID935,BID1925
AID935,BID2890
AID935,BID310
AID935,BID785
AID936,BID2099
AID937,BID421
AID938,BID1858
AID939,BID2421
AID940,BID2071
AID940,BID2371
AID941,BID1123
AID941,BID1259
AID941,BID1282
AID941,BID480
AID942,BID1621
AID942,BID2834
AID943,BID1615
AID943,BID1933
AID944,BID1783
AID944,BID2706
AID945,BID1321
AID945,BID1616
AID945,BID2701
AID946,BID144
AID947,BID2601
AID948,BID2355
AID949,BID1251
AID949,BID2786
AID950,BID1887
AID951,BID1007
AID951,BID240
AID952,BID2640
AID953,BID157
AID953,BID610
AID954,BID1001
AID954,BID226
AID955,BID1050
AID955,BID800
AID956,BID2293
AID956,BID559
AID957,BID137
AID958,BID893
AID959,BID1816
AID959,BID801
AID960,BID22
AID960,BID603
AID961,BID1340
AID962,BID1076
AID962,BID1505
AID963,BID2761
AID963,BID886
AID964,BID1191
AID964,BID2134
AID964,BID645
AID964,BID680
AID964,BID977
AID965,BID2740
AID966,BID1817
AID966,BID729
AID967,BID1808
AID967,BID183
AID967,BID2243
AID967,BID2706
AID968,BID807
AID969,BID1558
AID969,BID2496
AID970,BID2663
AID970,BID681
AID971,BID115
AID971,BID1371
AID972,BID1749
AID972,BID2221
AID972,BID2794
AID972,BID974
AID973,BID1791
AID974,BID1187
AID974,BID1259
AID975,BID594
AID976,BID1247
AID976,BID1483
AID976,BID1750
AID976,BID1939
AID976,BID196
AID977,BID1522
AID977,BID491
AID978,BID52
AID979,BID1724
AID979,BID2946
AID980,BID1323
AID980,BID1353
AID980,BID2459
AID980,BID2598
AID981,BID1116
AID981,BID1449
AID982,BID2293
AID982,BID254
AID983,BID230
AID984,BID1822
AID984,BID784
AID985,BID2531
AID985,BID2989
AID986,BID31
AID987,BID1548
AID988,BID1152
AID988,BID1583
AID988,BID2644
AID988,BID2652
AID989,BID900
AID990,BID574
AID991,BID1411
AID991,BID204
AID991,BID87
AID991,BID934
AID992,BID1435
AID992,BID78
AID993,BID629
AID994,BID2013
AID995,BID1259
AID995,BID162
AID996,BID2229
AID997,BID2952
AID997,BID80
AID998,BID3000
AID998,BID404
AID999,BID1670
AID1000,BID141
AID1000,BID2010
AID1000,BID239
AID1000,BID2467
AID1000,BID666
AID1001,BID1360
AID1001,BID2856
AID1002,BID191
AID1002,BID2914
AID1003,BID1103
AID1003,BID271
AID1004,BID2161
AID1004,BID2408
AID1004,BID2854
AID1005,BID2777
AID1005,BID961
AID1006,BID2210
AID1006,BID2257
AID1007,BID212
AID1007,BID2217
AID1007,BID2649
AID1007,BID2818
AID1008,BID203
AID1008,BID219
AID1008,BID2793
AID1008,BID434
AID1009,BID2968
AID1009,BID3000
AID1010,BID1957
AID1010,BID2092
AID1010,BID2284
AID1011,BID2097
AID1011,BID296
AID1012,BID2311
AID1013,BID1627
AID1014,BID1684
AID1015,BID2789
AID1016,BID2940
AID1017,BID194
AID1018,BID198
AID1019,BID39
AID1020,BID1326
AID1020,BID1917
AID1020,BID2983
AID1020,BID2994
AID1020,BID959
AID1021,BID481
AID1022,BID1282
AID1023,BID1655
AID1023,BID1739
AID1024,BID1862
AID1025,BID546
AID1026,BID1660
AID1026,BID1900
AID1026,BID389
AID1026,BID555
AID1027,BID1569
AID1028,BID1756
AID1028,BID376
AID1029,BID733
AID1030,BID1972
AID1031,BID1156
AID1031,BID1781
AID1031,BID1894
AID1031,BID1970
AID1032,BID1603
AID1033,BID1188
AID1033,BID150
AID1034,BID2539
AID1035,BID249
AID1035,BID27
AID1035,BID2927
AID1036,BID864
AID1037,BID1428
AID1037,BID371
AID1038,BID636
AID1038,BID92
AID1039,BID2894
AID1040,BID3
AID1040,BID506
AID1041,BID1161
AID1041,BID1319
AID1041,BID1762
AID1041,BID2629
AID1042,BID221
AID1042,BID793
AID1043,BID2573
AID1044,BID1675
AID1044,BID199
AID1045,BID1299
AID1045,BID1371
AID1045,BID1667
AID1045,BID2101
AID1045,BID2240
AID1046,BID1072
AID1046,BID2106
AID1046,BID277
AID1046,BID2857
AID1047,BID1045
AID1047,BID1088
AID1047,BID1961
AID1047,BID2571
AID1048,BID714
AID1049,BID1689
AID1049,BID565
AID1050,BID2377
AID1050,BID2785
AID1051,BID2477
AID1052,BID2531
AID1052,BID959
AID1053,BID1272
AID1053,BID1626
AID1054,BID2256
AID1054,BID881
AID1055,BID1812
AID1056,BID1273
AID1056,BID1826
AID1056,BID2340
AID1056,BID2968
AID1057,BID2210
AID1058,BID457
AID1058,BID593
AID1059,BID2508
AID1059,BID2635
AID1060,BID1321
AID1060,BID83
AID1061,BID1677
AID1061,BID2579
AID1062,BID1877
AID1062,BID2232
AID1063,BID1427
AID1063,BID2777
AID1063,BID405
AID1064,BID157
AID1064,BID2135
AID1065,BID1084
AID1066,BID1349
AID1067,BID1881
AID1068,BID2925
AID1068,BID869
AID1069,BID1007
AID1069,BID1383
AID1070,BID181
AID1070,BID320
AID1071,BID2085
AID1071,BID2436
AID1072,BID2238
AID1072,BID294
AID1073,BID2338
AID1073,BID736
AID1074,BID1028
AID1074,BID2412
AID1075,BID1466
AID1076,BID913
AID1077,BID336
AID1078,BID1661
AID1078,BID2940
AID1078,BID515
AID1078,BID726
AID1079,BID1517
AID1080,BID1386
AID1080,BID2721
AID1081,BID1805
AID1082,BID138
AID1082,BID500
AID1083,BID1251
AID1083,BID1377
AID1083,BID531
AID1083,BID562
AID1084,BID1262
AID1085,BID2311
AID1085,BID838
AID1086,BID137
AID1086,BID161
AID1087,BID2835
AID1087,BID547
AID1088,BID2824
AID1089,BID1713
AID1089,BID191
AID1090,BID1019
AID1091,BID2115
AID1092,BID1975
AID1092,BID721
AID1093,BID226
AID1094,BID2373
AID1094,BID393
AID1094,BID594
AID1095,BID1396
AID1096,BID1398
AID1096,BID980
AID1097,BID2355
AID1098,BID2636
AID1099,BID21
AID1100,BID1345
AID1100,BID2688
AID1101,BID2640
AID1101,BID810
AID1102,BID2252
AID1103,BID1076
AID1103,BID2094
AID1104,BID1516
AID1104,BID1938
AID1105,BID2687
AID1105,BID621
AID1106,BID1531
AID1106,BID2111
AID1107,BID2040
AID1108,BID1851
AID1108,BID2046
AID1108,BID637
AID1109,BID2471
AID1109,BID78
AID1110,BID2126
AID1110,BID2310
AID1110,BID807
AID1110,BID815
AID1111,BID120
AID1112,BID2485
AID1113,BID1291
AID1114,BID1374
AID1115,BID2128
AID1115,BID871
AID1116,BID2585
AID1117,BID190
AID1117,BID2167
AID1117,BID269
AID1117,BID574
AID1118,BID1533
AID1118,BID1543
AID1119,BID398
AID1120,BID1812
AID1120,BID2192
AID1120,BID451
AID1120,BID940
AID1121,BID1008
AID1121,BID1690
AID1122,BID1442
AID1122,BID2733
AID1123,BID2743
AID1123,BID971
AID1124,BID1177
AID1125,BID1619
AID1125,BID2330
AID1126,BID2297
AID1126,BID642
AID1127,BID2725
AID1128,BID127
AID1128,BID2456
AID1129,BID745
AID1129,BID750
AID1130,BID1
AID1130,BID835
AID1131,BID2450
AID1131,BID34
AID1132,BID1062
AID1133,BID2196
AID1133,BID2388
AID1134,BID2076
AID1134,BID2588
AID1134,BID2773
AID1134,BID402
AID1135,BID1311
AID1135,BID1642
AID1136,BID1433
AID1137,BID1816
AID1137,BID842
AID1138,BID1149
AID1139,BID1764
AID1140,BID1627
AID1140,BID88
AID1141,BID2501
AID1141,BID2877
AID1142,BID2788
AID1143,BID1323
AID1144,BID1315
AID1144,BID2180
AID1144,BID2526
AID1144,BID2684
AID1145,BID516
AID1146,BID1333
AID1147,BID1532
AID1148,BID364
AID1148,BID893
AID1149,BID116
AID1149,BID754
AID1150,BID2252
AID1151,BID147
AID1151,BID1879
AID1152,BID390
AID1153,BID1434
AID1153,BID658
AID1154,BID1154
AID1155,BID1823
AID1155,BID1826
AID1156,BID1476
AID1157,BID14
AID1157,BID1586
AID1158,BID1565
AID1158,BID242
AID1158,BID82
AID1159,BID1211
AID1159,BID2613
AID1160,BID1162
AID1160,BID2234
AID1161,BID388
AID1162,BID443
AID1163,BID1537
AID1163,BID1889
AID1164,BID80
AID1165,BID2467
AID1165,BID2662
AID1165,BID2685
AID1165,BID742
AID1166,BID2357
AID1166,BID2498
AID1166,BID305
AID1166,BID644
AID1166,BID79
AID1167,BID388
AID1167,BID625
AID1168,BID2545
AID1169,BID1794
AID1169,BID2996
AID1170,BID1327
AID1170,BID2301
AID1170,BID2666
AID1170,BID673
AID1171,BID1212
AID1171,BID1460
AID1172,BID990
AID1173,BID302
AID1173,BID900
AID1174,BID1822
AID1174,BID2427
AID1174,BID263
AID1174,BID636
AID1175,BID1620
AID1175,BID588
AID1176,BID1693
AID1176,BID204
AID1176,BID2763
AID1176,BID952
AID1177,BID2257
AID1177,BID274
AID1178,BID39
AID1178,BID757
AID1179,BID2601
AID1180,BID1581
AID1180,BID2087
AID1180,BID2525
AID1180,BID565
AID1180,BID657
AID1181,BID1235
AID1182,BID1838
AID1183,BID2310
AID1184,BID1182
AID1184,BID2854
AID1185,BID1685
AID1185,BID2948
AID1186,BID2371
AID1187,BID1111
AID1187,BID1670
AID1187,BID2484
AID1187,BID2900
AID1188,BID1195
AID1188,BID2084
AID1188,BID2310
AID1188,BID808
AID1188,BID874
AID1189,BID2827
AID1189,BID295
AID1190,BID2155
AID1190,BID2841
AID1191,BID1521
AID1191,BID1787
AID1192,BID358
AID1193,BID2325
AID1193,BID483
AID1194,BID2437
AID1195,BID2709
AID1195,BID352
AID1195,BID434
AID1195,BID756
AID1196,BID1452
AID1196,BID1990
AID1197,BID1499
AID1197,BID2739
AID1198,BID1454
AID1198,BID251
AID1198,BID502
AID1198,BID616
AID1198,BID906
AID1199,BID2202
AID1200,BID2244
AID1201,BID1191
AID1202,BID1939
AID1203,BID2209
AID1204,BID12
AID1205,BID1616
AID1205,BID707
AID1206,BID1625
AID1206,BID1720
AID1206,BID1981
AID1206,BID499
AID1207,BID1509
AID1208,BID399
AID1209,BID2097
AID1210,BID2084
AID1210,BID2710
AID1211,BID2287
AID1211,BID2303
AID1211,BID299
AID1211,BID537
AID1212,BID2822
AID1212,BID600
AID1213,BID1320
AID1214,BID711
AID1215,BID2760
AID1216,BID2036
AID1216,BID338
AID1217,BID1513
AID1217,BID2645
AID1218,BID2577
AID1219,BID2365
AID1220,BID1210
AID1220,BID2720
AID1221,BID1850
AID1221,BID197
AID1222,BID1570
AID1222,BID2081
AID1222,BID2616
AID1222,BID582
AID1222,BID80
AID1223,BID2239
AID1223,BID726
AID1224,BID566
AID1225,BID1015
AID1225,BID1864
AID1226,BID153
AID1226,BID2045
AID1226,BID469
AID1227,BID1641
AID1227,BID269
AID1227,BID2736
AID1227,BID52
AID1227,BID854
AID1228,BID1648
AID1229,BID2630
AID1229,BID454
AID1230,BID1238
AID1230,BID1555
AID1230,BID1600
AID1230,BID2408
AID1230,BID590
AID1231,BID66
AID1232,BID741
AID1233,BID1546
AID1234,BID1368
AID1235,BID1675
AID1236,BID2682
AID1237,BID1034
AID1237,BID69
AID1238,BID2239
AID1239,BID1075
AID1239,BID2023
AID1240,BID2198
AID1240,BID2550
AID1241,BID1259
AID1242,BID1058
AID1242,BID876
AID1243,BID2879
AID1244,BID2134
AID1244,BID2727
AID1245,BID1420
AID1246,BID1069
AID1246,BID2177
AID1247,BID920
AID1248,BID2896
AID1248,BID2942
AID1249,BID2379
AID1250,BID1517
AID1251,BID1641
AID1251,BID2938
AID1252,BID2463
AID1253,BID2840
AID1254,BID246
AID1254,BID2860
AID1255,BID321
AID1255,BID941
AID1256,BID2482
AID1256,BID474
AID1257,BID926
AID1258,BID2205
AID1259,BID1919
AID1259,BID334
AID1259,BID517
AID1259,BID698
AID1259,BID950
AID1260,BID2001
AID1260,BID2444
AID1261,BID384
AID1262,BID1446
AID1262,BID2849
AID1263,BID348
AID1264,BID1860
AID1264,BID453
AID1264,BID849
AID1265,BID365
AID1266,BID497
AID1266,BID749
AID1267,BID1671
AID1267,BID2308
AID1267,BID2729
AID1268,BID137
AID1268,BID1702
AID1269,BID1576
AID1270,BID2643
AID1270,BID2825
AID1271,BID82
AID1272,BID738
AID1273,BID1414
AID1273,BID2104
AID1273,BID2391
AID1273,BID297
AID1274,BID341
AID1275,BID2347
AID1276,BID2318
AID1276,BID647
AID1277,BID1101
AID1278,BID2769
AID1278,BID2833
AID1279,BID1513
AID1280,BID643
AID1281,BID1371
AID1281,BID2343
AID1282,BID100
AID1283,BID2466
AID1284,BID2228
AID1284,BID2406
AID1285,BID1200
AID1285,BID2661
AID1286,BID1977
AID1287,BID508
AID1288,BID2008
AID1288,BID2950
AID1289,BID1994
AID1289,BID475
AID1290,BID2287
AID1291,BID112
AID1291,BID147
AID1291,BID744
AID1292,BID2371
AID1292,BID547
AID1293,BID1229
AID1293,BID2001
AID1294,BID571
AID1295,BID2577
AID1296,BID379
AID1296,BID65
AID1296,BID685
AID1297,BID694
AID1298,BID1332
AID1299,BID1687
AID1300,BID459
AID1301,BID1318
AID1301,BID1644
AID1301,BID1880
AID1301,BID2757
AID1302,BID1253
AID1303,BID156
AID1303,BID974
AID1304,BID1555
AID1304,BID2928
AID1305,BID109
AID1306,BID1561
AID1307,BID1092
AID1307,BID1362
AID1308,BID718
AID1309,BID511
AID1310,BID2724
AID1310,BID662
AID1311,BID1754
AID1311,BID935
AID1312,BID572
AID1313,BID1063
AID1314,BID1552
AID1314,BID1789
AID1314,BID185
AID1314,BID2228
AID1314,BID491
AID1315,BID1514
AID1316,BID702
AID1316,BID982
AID1317,BID2322
AID1318,BID1007
AID1318,BID2031
AID1318,BID2121
AID1318,BID2585
AID1318,BID691
AID1319,BID1222
AID1319,BID2219
AID1320,BID1919
AID1321,BID2584
AID1321,BID2661
AID1322,BID1612
AID1322,BID2327
AID1323,BID2355
AID1324,BID1986
AID1325,BID388
AID1326,BID1921
AID1326,BID321
AID1327,BID2782
AID1328,BID131
AID1329,BID2750
AID1329,BID32
AID1329,BID548
AID1329,BID843
AID1330,BID118
AID1330,BID13
AID1330,BID2257
AID1330,BID749
AID1331,BID1795
AID1331,BID2008
AID1332,BID2499
AID1332,BID627
AID1332,BID661
AID1333,BID1409
AID1333,BID2013
AID1334,BID2386
AID1335,BID2679
AID1335,BID428
AID1335,BID5
AID1335,BID646
AID1335,BID746
AID1336,BID1607
AID1336,BID90
AID1337,BID2044
AID1337,BID2582
AID1337,BID367
AID1337,BID465
AID1338,BID576
AID1339,BID455
AID1340,BID1065
AID1340,BID2296
AID1341,BID1077
AID1342,BID2759
AID1343,BID2444
AID1344,BID2214
AID1345,BID58
AID1346,BID437
AID1347,BID248
AID1348,BID483
AID1348,BID537
AID1349,BID1353
AID1349,BID2035
AID1349,BID2608
AID1349,BID2952
AID1349,BID564
AID1350,BID297
AID1351,BID813
AID1352,BID2724
AID1352,BID692
AID1353,BID2198
AID1353,BID2490
AID1354,BID1561
AID1354,BID158
AID1354,BID93
AID1354,BID998
AID1355,BID227
AID1356,BID2503
AID1357,BID1649
AID1357,BID39
AID1358,BID2768
AID1358,BID2948
AID1359,BID1363
AID1359,BID2452
AID1359,BID393
AID1359,BID588
AID1360,BID1392
AID1360,BID1499
AID1360,BID2379
AID1360,BID800
AID1361,BID2833
AID1362,BID1835
AID1362,BID409
AID1363,BID976
AID1364,BID1413
AID1364,BID1973
AID1364,BID549
AID1364,BID560
AID1365,BID2702
AID1366,BID650
AID1366,BID719
AID1367,BID1917
AID1368,BID1577
AID1368,BID239
AID1368,BID752
AID1369,BID1626
AID1369,BID1972
AID1369,BID2078
AID1369,BID2523
AID1369,BID2994
AID1370,BID1323
AID1370,BID528
AID1371,BID2009
AID1372,BID1011
AID1373,BID2575
AID1373,BID2970
AID1374,BID2052
AID1375,BID1468
AID1376,BID2008
AID1376,BID2629
AID1376,BID354
AID1376,BID499
AID1377,BID2230
AID1377,BID224
AID1378,BID1130
AID1378,BID1467
AID1378,BID2216
AID1379,BID1039
AID1380,BID2808
AID1381,BID1698
AID1381,BID2598
AID1382,BID1681
AID1382,BID2800
AID1383,BID2188
AID1383,BID2843
AID1384,BID1746
AID1385,BID1793
AID1386,BID1966
AID1387,BID1393
AID1387,BID1428
AID1387,BID1958
AID1387,BID246
AID1388,BID1480
AID1388,BID1775
AID1388,BID2969
AID1388,BID721
AID1389,BID1538
AID1389,BID2154
AID1389,BID2538
AID1389,BID2754
AID1390,BID1423
AID1390,BID1957
AID1390,BID2096
AID1390,BID2303
AID1390,BID2330
AID1391,BID1745
AID1391,BID2056
AID1391,BID979
AID1392,BID1066
AID1392,BID316
AID1392,BID757
AID1393,BID1677
AID1393,BID194
AID1393,BID228
AID1393,BID229
AID1393,BID753
AID1394,BID1378
AID1394,BID1912
AID1395,BID566
AID1396,BID1814
AID1396,BID1959
AID1397,BID1409
AID1398,BID1055
AID1398,BID1336
AID1398,BID2717
AID1398,BID2941
AID1398,BID572
AID1399,BID438
AID1399,BID942
AID1400,BID348
AID1401,BID1524
AID1401,BID689
AID1402,BID1572
AID1402,BID2049
AID1403,BID588
AID1404,BID1881
AID1405,BID1761
AID1405,BID1927
AID1406,BID1233
AID1406,BID2251
AID1406,BID2615
AID1406,BID985
AID1407,BID2293
AID1407,BID527
AID1408,BID1023
AID1408,BID1111
AID1408,BID2904
AID1408,BID294
AID1409,BID179
AID1409,BID2481
AID1410,BID1105
AID1410,BID518
AID1411,BID1034
AID1412,BID434
AID1413,BID2479
AID1413,BID723
AID1414,BID1643
AID1414,BID186
AID1415,BID15
AID1415,BID1774
AID1415,BID2226
AID1415,BID2836
AID1415,BID903
AID1416,BID1623
AID1416,BID2769
AID1416,BID361
AID1416,BID76
AID1417,BID1683
AID1418,BID1376
AID1418,BID1722
AID1418,BID1807
AID1418,BID930
AID1419,BID2177
AID1419,BID2180
AID1420,BID475
AID1421,BID1058
AID1421,BID1771
AID1421,BID1934
AID1421,BID1982
AID1422,BID2487
AID1423,BID1321
AID1423,BID1801
AID1424,BID2409
AID1425,BID2005
AID1426,BID1474
AID1426,BID690
AID1427,BID1617
AID1428,BID1018
AID1429,BID2130
AID1430,BID1906
AID1430,BID2580
AID1430,BID2917
AID1430,BID454
AID1431,BID1392
AID1431,BID632
AID1432,BID2109
AID1433,BID2395
AID1433,BID2896
AID1433,BID590
AID1433,BID687
AID1434,BID1589
AID1434,BID1890
AID1435,BID1199
AID1435,BID1328
AID1435,BID1930
AID1435,BID2825
AID1435,BID926
AID1436,BID767
AID1437,BID1875
AID1437,BID2838
AID1438,BID1738
AID1438,BID2113
AID1438,BID2471
AID1438,BID2781
AID1439,BID1281
AID1439,BID2468
AID1439,BID2751
AID1439,BID2834
AID1440,BID1367
AID1440,BID1375
AID1440,BID1387
AID1440,BID1953
AID1441,BID1171
AID1442,BID1666
AID1442,BID2355
AID1443,BID20
AID1443,BID2566
AID1443,BID2644
AID1443,BID2826
AID1444,BID1218
AID1444,BID1735
AID1444,BID1806
AID1444,BID2486
AID1445,BID2553
AID1446,BID2139
AID1446,BID2975
AID1447,BID2110
AID1448,BID1364
AID1448,BID2102
AID1448,BID382
AID1449,BID352
AID1450,BID182
AID1451,BID1850
AID1451,BID1955
AID1451,BID2598
AID1451,BID60
AID1452,BID2854
AID1452,BID68
AID1453,BID691
AID1454,BID974
AID1455,BID1850
AID1456,BID2145
AID1456,BID2239
AID1457,BID562
AID1457,BID718
AID1458,BID1179
AID1458,BID788
AID1459,BID1035
AID1459,BID603
AID1460,BID2143
AID1460,BID639
AID1461,BID2151
AID1461,BID82
AID1462,BID2265
AID1463,BID1496
AID1463,BID1777
AID1463,BID2952
AID1464,BID1566
AID1464,BID1835
AID1464,BID2660
AID1464,BID2873
AID1465,BID1757
AID1465,BID2578
AID1466,BID2281
AID1466,BID2824
AID1467,BID584
AID1467,BID938
AID1468,BID1610
AID1469,BID1406
AID1469,BID1460
AID1469,BID2300
AID1469,BID2442
AID1470,BID977
AID1471,BID1141
AID1471,BID1474
AID1471,BID2848
AID1472,BID1756
AID1472,BID2263
AID1473,BID1905
AID1473,BID2734
AID1474,BID2384
AID1474,BID80
AID1475,BID2454
AID1476,BID2649
AID1476,BID963
AID1477,BID104
AID1477,BID728
AID1478,BID1465
AID1479,BID1223
AID1479,BID2914
AID1480,BID1465
AID1480,BID1482
AID1480,BID1721
AID1480,BID249
AID1480,BID725
AID1481,BID1178
AID1481,BID613
AID1482,BID2543
AID1483,BID1742
AID1483,BID1903
AID1484,BID79
AID1485,BID2609
AID1486,BID1279
AID1486,BID2420
AID1487,BID2542
AID1488,BID429
AID1489,BID1372
AID1490,BID2650
AID1490,BID318
AID1491,BID1362
AID1491,BID2540
AID1491,BID706
AID1492,BID1893
AID1492,BID820
AID1493,BID1853
AID1494,BID1679
AID1494,BID1904
AID1494,BID2396
AID1494,BID2469
AID1495,BID1061
AID1495,BID654
AID1496,BID410
AID1497,BID448
AID1498,BID1490
AID1498,BID773
AID1499,BID1393
AID1500,BID1720
AID1500,BID769
AID1500,BID888
AID1501,BID2054
AID1502,BID2228
AID1502,BID2622
AID1502,BID692
AID1502,BID697
AID1503,BID39
AID1503,BID827
AID1504,BID2186
AID1504,BID2352
AID1505,BID2667
AID1505,BID539
AID1506,BID2078
AID1506,BID2984
AID1507,BID1956
AID1507,BID2444
AID1507,BID2559
AID1508,BID1515
AID1508,BID2527
AID1509,BID695
AID1510,BID2798
AID1510,BID606
AID1511,BID1010
AID1512,BID162
AID1512,BID2077
AID1513,BID1753
AID1513,BID2644
AID1514,BID2732
AID1515,BID1632
AID1515,BID392
AID1516,BID2570
AID1517,BID2522
AID1517,BID860
AID1518,BID505
AID1518,BID989
AID1519,BID1007
AID1519,BID1739
AID1519,BID2581
AID1519,BID2775
AID1520,BID1321
AID1520,BID1763
AID1520,BID2016
AID1520,BID28
AID1521,BID497
AID1522,BID1713
AID1523,BID1608
AID1523,BID2166
AID1523,BID563
AID1523,BID939
AID1524,BID2537
AID1525,BID1230
AID1525,BID1942
AID1525,BID2102
AID1525,BID2255
AID1525,BID2937
AID1526,BID1323
AID1526,BID1438
AID1527,BID1708
AID1528,BID1414
AID1529,BID68
AID1530,BID1923
AID1531,BID1672
AID1532,BID1536
AID1532,BID1722
AID1533,BID2530
AID1533,BID523
AID1534,BID1293
AID1534,BID2912
AID1534,BID675
AID1534,BID936
AID1535,BID180
AID1535,BID2131
AID1536,BID2111
AID1536,BID70
AID1537,BID2800
AID1538,BID751
AID1539,BID378
AID1540,BID1880
AID1541,BID1034
AID1541,BID113
AID1541,BID1401
AID1541,BID2469
AID1541,BID87
AID1542,BID1863
AID1542,BID2415
AID1543,BID1835
AID1543,BID603
AID1544,BID2723
AID1544,BID475
AID1545,BID1375
AID1545,BID77
AID1546,BID2876
AID1547,BID1180
AID1547,BID1226
AID1547,BID679
AID1548,BID2711
AID1548,BID626
AID1549,BID2209
AID1550,BID2413
AID1551,BID113
AID1552,BID1124
AID1552,BID795
AID1553,BID797
AID1554,BID2061
AID1555,BID1486
AID1555,BID1778
AID1555,BID2117
AID1555,BID2147
AID1556,BID2195
AID1556,BID346
AID1557,BID1435
AID1557,BID2674
AID1557,BID2895
AID1557,BID489
AID1558,BID1854
AID1559,BID1239
AID1560,BID1279
AID1560,BID335
AID1561,BID2691
AID1562,BID2153
AID1563,BID645
AID1563,BID738
AID1564,BID1392
AID1564,BID1415
AID1564,BID1764
AID1564,BID181
AID1564,BID2224
AID1565,BID1669
AID1566,BID585
AID1567,BID15
AID1567,BID1983
AID1568,BID1270
AID1568,BID1368
AID1568,BID205
AID1569,BID1269
AID1569,BID2638
AID1570,BID1081
AID1570,BID1308
AID1570,BID276
AID1570,BID2808
AID1571,BID1336
AID1572,BID2869
AID1573,BID1215
AID1573,BID1902
AID1574,BID2809
AID1575,BID1373
AID1575,BID1565
AID1575,BID2226
AID1575,BID315
AID1575,BID464
AID1576,BID2321
AID1576,BID2346
AID1576,BID342
AID1576,BID76
AID1577,BID1598
AID1577,BID1729
AID1577,BID2106
AID1577,BID2882
AID1577,BID932
AID1578,BID2094
AID1579,BID2293
AID1580,BID1840
AID1580,BID2738
AID1581,BID2219
AID1581,BID451
AID1582,BID1432
AID1582,BID2271
AID1583,BID1115
AID1583,BID2646
AID1584,BID1061
AID1584,BID747
AID1585,BID1190
AID1586,BID2595
AID1586,BID870
AID1587,BID2916
AID1588,BID1360
AID1588,BID1585
AID1588,BID2080
AID1588,BID2459
AID1588,BID2465
AID1589,BID1459
AID1590,BID2409
AID1591,BID1708
AID1592,BID2757
AID1593,BID458
AID1594,BID1307
AID1594,BID1904
AID1595,BID1075
AID1595,BID1337
AID1595,BID19
AID1595,BID2984
AID1596,BID1357
AID1596,BID2106
AID1596,BID2530
AID1596,BID443
AID1597,BID2654
AID1597,BID2748
AID1597,BID560
AID1597,BID785
AID1597,BID793
AID1598,BID2163
AID1598,BID289
AID1599,BID30
AID1600,BID1512
AID1600,BID2693
AID1601,BID1030
AID1601,BID1619
AID1601,BID1980
AID1601,BID2217
AID1602,BID2240
AID1603,BID1364
AID1603,BID833
AID1604,BID170
AID1604,BID1818
AID1605,BID2503
AID1605,BID535
AID1606,BID2790
AID1607,BID56
AID1608,BID2915
AID1609,BID2343
AID1609,BID833
AID1610,BID1267
AID1610,BID1840
AID1610,BID2342
AID1610,BID2881
AID1611,BID2248
AID1611,BID284
AID1612,BID2461
AID1613,BID246
AID1613,BID2794
AID1614,BID245
AID1614,BID649
AID1614,BID881
AID1615,BID650
AID1616,BID1763
AID1617,BID2170
AID1618,BID1628
AID1618,BID2564
AID1619,BID1059
AID1619,BID2468
AID1619,BID2633
AID1619,BID694
AID1620,BID1262
AID1620,BID2887
AID1621,BID2588
AID1622,BID523
AID1623,BID1446
AID1623,BID1861
AID1623,BID2758
AID1623,BID802
AID1624,BID908
AID1625,BID887
AID1625,BID931
AID1626,BID2353
AID1626,BID2977
AID1626,BID738
AID1626,BID759
AID1627,BID163
AID1627,BID2352
AID1627,BID282
AID1628,BID2941
AID1629,BID1703
AID1629,BID2049
AID1629,BID665
AID1629,BID94
AID1630,BID1378
AID1630,BID1808
AID1631,BID1436
AID1631,BID194
AID1631,BID2050
AID1631,BID2808
AID1631,BID2881
AID1632,BID1963
AID1633,BID2323
AID1633,BID512
AID1634,BID1810
AID1634,BID2249
AID1635,BID276
AID1636,BID117
AID1636,BID174
AID1636,BID2427
AID1636,BID260
AID1637,BID1073
AID1638,BID2634
AID1639,BID2207
AID1639,BID2884
AID1639,BID478
AID1639,BID648
AID1640,BID1293
AID1640,BID586
AID1641,BID1635
AID1642,BID2809
AID1643,BID141
AID1644,BID1228
AID1644,BID2011
AID1645,BID2677
AID1645,BID2883
AID1645,BID759
AID1645,BID814
AID1645,BID840
AID1646,BID919
AID1647,BID1915
AID1647,BID2655
AID1647,BID948
AID1647,BID962
AID1648,BID161
AID1648,BID1646
AID1648,BID551
AID1648,BID869
AID1649,BID526
AID1650,BID256
AID1651,BID1583
AID1652,BID944
AID1653,BID520
AID1653,BID803
AID1654,BID253
AID1655,BID1372
AID1655,BID621
AID1656,BID341
AID1656,BID457
AID1657,BID2218
AID1658,BID437
AID1658,BID844
AID1659,BID2275
AID1660,BID1948
AID1660,BID2865
AID1660,BID347
AID1660,BID467
AID1661,BID1978
AID1662,BID1399
AID1662,BID2381
AID1663,BID1158
AID1663,BID218
AID1663,BID668
AID1663,BID746
AID1664,BID1431
AID1664,BID2169
AID1665,BID1385
AID1665,BID2379
AID1666,BID2214
AID1667,BID1950
AID1667,BID2598
AID1668,BID1222
AID1668,BID631
AID1668,BID845
AID1669,BID2163
AID1669,BID615
AID1669,BID88
AID1670,BID1692
AID1671,BID415
AID1672,BID2418
AID1672,BID532
AID1673,BID678
AID1674,BID2276
AID1674,BID2469
AID1674,BID414
AID1674,BID50
AID1675,BID1144
AID1675,BID2994
AID1676,BID2704
AID1677,BID1483
AID1677,BID1529
AID1677,BID1632
AID1677,BID441
AID1678,BID1092
AID1678,BID2621
AID1679,BID1645
AID1679,BID979
AID1680,BID1063
AID1680,BID111
AID1681,BID1282
AID1681,BID1438
AID1681,BID1866
AID1681,BID2403
AID1681,BID801
AID1682,BID1857
AID1682,BID595
AID1683,BID1572
AID1684,BID2256
AID1685,BID1688
AID1685,BID1766
AID1686,BID1160
AID1686,BID630
AID1687,BID578
AID1688,BID146
AID1688,BID2508
AID1689,BID1069
AID1689,BID222
AID1690,BID1083
AID1690,BID480
AID1691,BID1141
AID1692,BID2297
AID1692,BID2594
AID1693,BID1035
AID1693,BID1840
AID1693,BID2186
AID1693,BID2221
AID1693,BID2803
AID1694,BID1797
AID1695,BID1323
AID1695,BID1946
AID1695,BID1953
AID1695,BID2113
AID1695,BID2785
AID1696,BID375
AID1697,BID1873
AID1698,BID2044
AID1698,BID292
AID1698,BID722
AID1698,BID775
AID1699,BID1952
AID1700,BID1344
AID1700,BID2486
AID1700,BID349
AID1700,BID526
AID1701,BID283
AID1701,BID678
AID1702,BID2217
AID1702,BID2651
AID1703,BID2681
AID1703,BID997
AID1704,BID2073
AID1705,BID523
AID1706,BID2133
AID1706,BID2142
AID1707,BID1293
AID1708,BID17
AID1708,BID2707
AID1709,BID1655
AID1709,BID2594
AID1710,BID1167
AID1711,BID1559
AID1711,BID999
AID1712,BID1649
AID1712,BID409
AID1713,BID2832
AID1714,BID1740
AID1714,BID175
AID1715,BID243
AID1715,BID2651
AID1716,BID2944
AID1716,BID391
AID1717,BID2733
AID1717,BID2910
AID1718,BID1085
AID1718,BID797
AID1719,BID1102
AID1720,BID2826
AID1720,BID304
AID1721,BID1759
AID1721,BID884
AID1722,BID2392
AID1723,BID1456
AID1723,BID2725
AID1724,BID2695
AID1725,BID281
AID1725,BID372
AID1726,BID1583
AID1726,BID1657
AID1726,BID1986
AID1726,BID2535
AID1726,BID2820
AID1727,BID1959
AID1727,BID2373
AID1728,BID1434
AID1728,BID2121
AID1729,BID2912
AID1730,BID2373
AID1731,BID38
AID1732,BID1252
AID1732,BID1255
AID1732,BID1680
AID1732,BID2562
AID1732,BID51
AID1733,BID847
AID1734,BID1933
AID1734,BID2598
AID1735,BID2116
AID1735,BID400
AID1736,BID1784
AID1736,BID2060
AID1737,BID1406
AID1737,BID1642
AID1738,BID300
AID1738,BID85
AID1739,BID2390
AID1740,BID951
AID1741,BID1256
AID1741,BID2052
AID1742,BID1007
AID1742,BID1072
AID1743,BID1333
AID1744,BID1170
AID1744,BID1975
AID1745,BID149
AID1745,BID20
AID1745,BID969
AID1746,BID1254
AID1746,BID1386
AID1746,BID69
AID1747,BID1002
AID1748,BID2216
AID1749,BID2584
AID1750,BID434
AID1750,BID790
AID1751,BID2072
AID1751,BID2461
AID1752,BID1890
AID1752,BID1994
AID1753,BID1375
AID1754,BID1804
AID1755,BID2613
AID1755,BID748
AID1756,BID1145
AID1756,BID427
AID1757,BID1643
AID1757,BID2805
AID1758,BID1917
AID1758,BID1954
AID1758,BID2474
AID1758,BID2506
AID1758,BID2955
AID1759,BID752
AID1760,BID1283
AID1761,BID1803
AID1761,BID2330
AID1761,BID2934
AID1761,BID295
AID1762,BID2179
AID1763,BID40
AID1764,BID1630
AID1765,BID2157
AID1766,BID1316
AID1766,BID1872
AID1766,BID642
AID1767,BID1574
AID1767,BID1589
AID1767,BID2520
AID1767,BID912
AID1768,BID373
AID1769,BID2637
AID1769,BID841
AID1770,BID2039
AID1770,BID2160
AID1771,BID1149
AID1771,BID1801
AID1772,BID1647
AID1772,BID2506
AID1772,BID2861
AID1772,BID879
AID1773,BID1336
AID1774,BID643
AID1775,BID1197
AID1775,BID1958
AID1775,BID2776
AID1775,BID2930
AID1775,BID79
AID1776,BID2445
AID1776,BID2842
AID1776,BID863
AID1776,BID926
AID1777,BID2584
AID1777,BID2664
AID1778,BID2208
AID1778,BID2954
AID1779,BID2631
AID1780,BID1342
AID1780,BID2370
AID1781,BID1864
AID1781,BID2172
AID1782,BID2295
AID1782,BID2564
AID1783,BID2989
AID1783,BID58
AID1784,BID1638
AID1785,BID2188
AID1786,BID196
AID1787,BID2526
AID1788,BID2170
AID1788,BID593
AID1789,BID1784
AID1789,BID195
AID1790,BID755
AID1791,BID346
AID1792,BID1763
AID1793,BID1309
AID1794,BID1090
AID1794,BID2866
AID1794,BID801
AID1795,BID895
AID1796,BID1346
AID1796,BID1996
AID1796,BID2176
AID1796,BID2621
AID1797,BID1521
AID1797,BID2428
AID1797,BID2966
AID1797,BID603
AID1798,BID532
AID1798,BID599
AID1799,BID2557
AID1800,BID1700
AID1800,BID1773
AID1800,BID1961
AID1800,BID2339
AID1800,BID631
AID1801,BID1421
AID1802,BID640
AID1803,BID1841
AID1803,BID977
AID1804,BID1538
AID1804,BID1544
AID1805,BID532
AID1806,BID2097
AID1806,BID2859
AID1807,BID1201
AID1807,BID285
AID1808,BID1860
AID1809,BID2048
AID1810,BID316
AID1810,BID569
AID1811,BID833
AID1812,BID2046
AID1813,BID2375
AID1814,BID1425
AID1814,BID1537
AID1814,BID2103
AID1814,BID2547
AID1814,BID516
AID1815,BID1162
AID1815,BID2182
AID1815,BID2695
AID1816,BID574
AID1817,BID428
AID1818,BID1650
AID1818,BID2149
AID1818,BID240
AID1818,BID2990
AID1818,BID95
AID1819,BID479
AID1820,BID1298
AID1820,BID524
AID1821,BID1777
AID1821,BID579
AID1822,BID2054
AID1823,BID1228
AID1823,BID1509
AID1824,BID1624
AID1824,BID1714
AID1825,BID2239
AID1826,BID1707
AID1826,BID266
AID1827,BID194
AID1827,BID2824
AID1828,BID753
AID1829,BID1298
AID1829,BID1757
AID1830,BID1529
AID1830,BID1613
AID1830,BID554
AID1830,BID698
AID1830,BID916
AID1831,BID1031
AID1831,BID1317
AID1832,BID1386
AID1832,BID1876
AID1832,BID1924
AID1832,BID1962
AID1833,BID2027
AID1833,BID2141
AID1834,BID2407
AID1835,BID2204
AID1835,BID363
AID1836,BID1369
AID1836,BID2394
AID1836,BID715
AID1837,BID179
AID1838,BID180
AID1838,BID182
AID1839,BID1555
AID1839,BID2364
AID1839,BID490
AID1839,BID828
AID1840,BID1623
AID1840,BID837
AID1841,BID1239
AID1841,BID1381
AID1841,BID2021
AID1841,BID763
AID1841,BID78
AID1842,BID1746
AID1842,BID2158
AID1843,BID195
AID1843,BID922
AID1844,BID1946
AID1844,BID2817
AID1845,BID1300
AID1846,BID1402
AID1846,BID156
AID1847,BID2353
AID1847,BID2817
AID1848,BID732
AID1849,BID1726
AID1849,BID661
AID1850,BID2824
AID1851,BID2421
AID1851,BID77
AID1852,BID570
AID1853,BID2400
AID1853,BID376
AID1854,BID2509
AID1854,BID759
AID1855,BID1795
AID1855,BID2542
AID1855,BID29
AID1855,BID801
AID1856,BID557
AID1856,BID939
AID1857,BID558
AID1857,BID838
AID1858,BID1425
AID1858,BID24
AID1859,BID1992
AID1859,BID830
AID1860,BID2964
AID1861,BID192
AID1861,BID2104
AID1862,BID1628
AID1862,BID380
AID1863,BID2296
AID1863,BID849
AID1864,BID2192
AID1864,BID2780
AID1865,BID2863
AID1866,BID1595
AID1866,BID1842
AID1866,BID2460
AID1867,BID1372
AID1867,BID2258
AID1867,BID550
AID1868,BID230
AID1869,BID234
AID1870,BID371
AID1870,BID947
AID1871,BID1286
AID1871,BID16
AID1871,BID1990
AID1871,BID2849
AID1871,BID2881
AID1872,BID315
AID1873,BID1902
AID1874,BID1719
AID1874,BID2899
AID1875,BID1972
AID1875,BID372
AID1875,BID430
AID1875,BID85
AID1876,BID2239
AID1876,BID551
AID1877,BID2770
AID1878,BID1062
AID1878,BID1914
AID1878,BID2240
AID1879,BID1015
AID1880,BID2903
AID1881,BID1103
AID1881,BID2084
AID1882,BID2605
AID1882,BID826
AID1883,BID306
AID1883,BID628
AID1884,BID2361
AID1884,BID593
AID1885,BID1958
AID1886,BID1483
AID1887,BID1282
AID1887,BID1499
AID1887,BID1506
AID1887,BID1909
AID1888,BID1670
AID1888,BID2136
AID1889,BID233
AID1889,BID2895
AID1889,BID646
AID1890,BID1693
AID1890,BID479
AID1891,BID1028
AID1892,BID1265
AID1892,BID1289
AID1892,BID1939
AID1892,BID2224
AID1892,BID768
AID1893,BID137
AID1893,BID2108
AID1894,BID1523
AID1895,BID1261
AID1895,BID1930
AID1895,BID230
AID1895,BID756
AID1896,BID960
AID1897,BID1805
AID1897,BID2368
AID1898,BID1737
AID1898,BID2317
AID1898,BID2656
AID1898,BID63
AID1899,BID2201
AID1899,BID2634
AID1899,BID740
AID1900,BID180
AID1900,BID1847
AID1900,BID1851
AID1900,BID2239
AID1900,BID572
AID1901,BID1095
AID1901,BID1323
AID1901,BID1593
AID1901,BID1961
AID1901,BID427
AID1902,BID135
AID1902,BID2139
AID1903,BID2380
AID1903,BID2813
AID1904,BID2945
AID1905,BID170
AID1905,BID2645
AID1906,BID2706
AID1907,BID469
AID1907,BID500
AID1908,BID1008
AID1908,BID125
AID1909,BID1988
AID1910,BID105
AID1911,BID1102
AID1911,BID824
AID1912,BID1867
AID1913,BID2775
AID1914,BID1762
AID1914,BID2788
AID1914,BID402
AID1914,BID413
AID1914,BID724
AID1915,BID1564
AID1916,BID609
AID1916,BID885
AID1917,BID1147
AID1918,BID2812
AID1918,BID42
AID1919,BID1331
AID1919,BID64
AID1920,BID1583
AID1920,BID2093
AID1920,BID221
AID1920,BID321
AID1920,BID884
AID1921,BID1489
AID1921,BID1572
AID1921,BID1574
AID1921,BID574
AID1922,BID2609
AID1922,BID476
AID1923,BID2702
AID1924,BID116
AID1924,BID1324
AID1924,BID1572
AID1924,BID405
AID1924,BID519
AID1925,BID1889
AID1925,BID2366
AID1925,BID2537
AID1926,BID1187
AID1926,BID1914
AID1926,BID217
AID1926,BID331
AID1927,BID2175
AID1927,BID2890
AID1927,BID525
AID1928,BID2604
AID1929,BID1133
AID1929,BID2307
AID1930,BID2998
AID1930,BID742
AID1931,BID2300
AID1932,BID1281
AID1932,BID1439
AID1932,BID1953
AID1933,BID613
AID1933,BID674
AID1934,BID284
AID1934,BID509
AID1934,BID527
AID1935,BID2701
AID1936,BID1768
AID1936,BID2287
AID1936,BID920
AID1937,BID2218
AID1938,BID1344
AID1939,BID332
AID1940,BID1087
AID1941,BID1601
AID1941,BID812
AID1941,BID904
AID1942,BID1286
AID1943,BID1335
AID1943,BID1437
AID1944,BID1879
AID1945,BID2120
AID1945,BID933
AID1946,BID232
AID1946,BID2625
AID1946,BID2661
AID1946,BID944
AID1947,BID1261
AID1947,BID2564
AID1948,BID1401
AID1948,BID267
AID1948,BID934
AID1949,BID2080
AID1949,BID2654
AID1950,BID1453
AID1950,BID2006
AID1950,BID2422
AID1950,BID709
AID1951,BID2936
AID1952,BID113
AID1953,BID1500
AID1953,BID2329
AID1954,BID1389
AID1954,BID2470
AID1954,BID286
AID1954,BID736
AID1954,BID898
AID1955,BID2458
AID1956,BID878
AID1957,BID219
AID1958,BID1414
AID1959,BID716
AID1959,BID84
AID1960,BID266
AID1961,BID1851
AID1961,BID2545
AID1962,BID2985
AID1963,BID2300
AID1964,BID254
AID1965,BID253
AID1966,BID1217
AID1966,BID153
AID1966,BID1743
AID1966,BID1803
AID1966,BID899
AID1967,BID2266
AID1967,BID2782
AID1967,BID423
AID1967,BID655
AID1968,BID1125
AID1968,BID911
AID1969,BID392
AID1970,BID1471
AID1970,BID1889
AID1971,BID114
AID1971,BID577
AID1972,BID1896
AID1973,BID2265
AID1973,BID642
AID1974,BID1143
AID1974,BID2616
AID1974,BID2941
AID1974,BID553
AID1975,BID1015
AID1975,BID117
AID1975,BID1189
AID1976,BID122
AID1976,BID1775
AID1976,BID2205
AID1976,BID843
AID1977,BID1947
AID1978,BID1916
AID1978,BID460
AID1979,BID1439
AID1979,BID234
AID1979,BID402
AID1980,BID858
AID1981,BID1588
AID1981,BID2709
AID1982,BID1292
AID1982,BID2016
AID1983,BID2282
AID1983,BID338
AID1984,BID1600
AID1984,BID1898
AID1984,BID647
AID1984,BID778
AID1985,BID1362
AID1985,BID879
AID1986,BID1199
AID1986,BID83
AID1987,BID1033
AID1987,BID1437
AID1987,BID1491
AID1987,BID2832
AID1988,BID1088
AID1988,BID1533
AID1988,BID1990
AID1988,BID2795
AID1989,BID1300
AID1989,BID1485
AID1989,BID1966
AID1990,BID1595
AID1991,BID1047
AID1991,BID1421
AID1991,BID2163
AID1991,BID2574
AID1992,BID1956
AID1992,BID292
AID1993,BID1925
AID1993,BID853
AID1994,BID1181
AID1994,BID881
AID1995,BID114
AID1995,BID890
AID1996,BID2047
AID1997,BID1533
AID1998,BID1216
AID1999,BID1784
AID2000,BID1944
AID2000,BID2197
AID2000,BID2302
AID2000,BID785
AID2001,BID116
AID2001,BID205
AID2001,BID446
AID2001,BID713
AID2002,BID1681
AID2003,BID2150
AID2004,BID1233
AID2005,BID2694
AID2005,BID851
AID2006,BID2475
AID2006,BID2989
AID2006,BID449
AID2006,BID758
AID2007,BID434
AID2008,BID1911
AID2008,BID2194
AID2008,BID2299
AID2008,BID2776
AID2009,BID2043
AID2009,BID2369
AID2010,BID1195
AID2010,BID2304
AID2010,BID2696
AID2010,BID68
AID2011,BID268
AID2011,BID322
AID2012,BID1079
AID2012,BID734
AID2013,BID578
AID2014,BID1243
AID2014,BID1344
AID2014,BID2800
AID2014,BID674
AID2015,BID2533
AID2016,BID1184
AID2016,BID2309
AID2017,BID1655
AID2018,BID1062
AID2018,BID2249
AID2018,BID2657
AID2019,BID1221
AID2019,BID1850
AID2020,BID1698
AID2020,BID2276
AID2020,BID2518
AID2020,BID697
AID2021,BID1145
AID2021,BID424
AID2022,BID1761
AID2022,BID2116
AID2023,BID1731
AID2024,BID1024
AID2024,BID1985
AID2024,BID2841
AID2024,BID827
AID2025,BID2093
AID2025,BID2614
AID2025,BID2698
AID2026,BID2265
AID2027,BID1386
AID2027,BID1785
AID2028,BID1520
AID2028,BID2032
AID2029,BID2841
AID2029,BID980
AID2030,BID2153
AID2031,BID1042
AID2032,BID2724
AID2033,BID1653
AID2034,BID2057
AID2035,BID2080
AID2035,BID2873
AID2036,BID120
AID2037,BID2770
AID2038,BID2661
AID2038,BID583
AID2039,BID683
AID2040,BID1310
AID2041,BID1667
AID2041,BID2384
AID2041,BID2818
AID2042,BID2083
AID2042,BID2135
AID2043,BID2829
AID2043,BID2895
AID2043,BID398
AID2043,BID757
AID2043,BID855
AID2044,BID1073
AID2044,BID418
AID2045,BID1975
AID2046,BID1989
AID2046,BID693
AID2047,BID2978
AID2048,BID2019
AID2049,BID1060
AID2049,BID654
AID2050,BID1028
AID2050,BID2154
AID2050,BID546
AID2050,BID764
AID2051,BID1184
AID2051,BID971
AID2051,BID999
AID2052,BID1834
AID2052,BID2904
AID2053,BID1534
AID2054,BID2130
AID2054,BID2711
AID2054,BID2965
AID2054,BID880
AID2055,BID1550
AID2055,BID568
AID2056,BID143
AID2057,BID512
AID2058,BID2072
AID2058,BID2481
AID2059,BID1052
AID2059,BID1511
AID2059,BID2675
AID2060,BID1566
AID2060,BID1631
AID2061,BID2812
AID2062,BID1189
AID2063,BID1632
AID2064,BID2345
AID2064,BID621
AID2065,BID1017
AID2066,BID2532
AID2066,BID2629
AID2067,BID316
AID2068,BID1560
AID2069,BID1449
AID2069,BID1620
AID2069,BID1827
AID2069,BID2027
AID2069,BID2080
AID2070,BID2416
AID2071,BID1342
AID2071,BID1642
AID2071,BID2002
AID2071,BID237
AID2071,BID801
AID2072,BID1868
AID2073,BID2228
AID2074,BID1721
AID2074,BID1933
AID2075,BID2743
AID2076,BID1109
AID2077,BID1284
AID2077,BID1704
AID2077,BID1842
AID2077,BID396
AID2078,BID1984
AID2078,BID1993
AID2078,BID729
AID2078,BID884
AID2079,BID1676
AID2080,BID1940
AID2080,BID2570
AID2080,BID431
AID2080,BID565
AID2081,BID2051
AID2081,BID747
AID2082,BID1642
AID2082,BID1853
AID2082,BID2199
AID2082,BID2324
AID2083,BID1280
AID2083,BID2275
AID2083,BID301
AID2083,BID511
AID2084,BID1320
AID2085,BID1572
AID2085,BID2070
AID2085,BID2159
AID2086,BID1734
AID2087,BID2570
AID2087,BID2942
AID2088,BID1004
AID2089,BID2064
AID2090,BID1009
AID2090,BID2180
AID2091,BID1459
AID2091,BID1580
AID2092,BID1848
AID2092,BID2997
AID2093,BID2195
AID2094,BID1023
AID2094,BID2087
AID2095,BID2532
AID2095,BID2866
AID2096,BID2716
AID2096,BID657
AID2097,BID1154
AID2098,BID1915
AID2099,BID1044
AID2099,BID1071
AID2100,BID2978
AID2101,BID2471
AID2102,BID347
AID2103,BID2629
AID2104,BID1340
AID2105,BID2421
AID2106,BID2779
AID2107,BID1564
AID2107,BID982
AID2108,BID244
AID2108,BID2938
AID2108,BID2954
AID2108,BID738
AID2109,BID1551
AID2110,BID215
AID2110,BID330
AID2111,BID2121
AID2112,BID1444
AID2112,BID728
AID2113,BID140
AID2113,BID962
AID2114,BID734
AID2115,BID1584
AID2115,BID1897
AID2115,BID2943
AID2116,BID1344
AID2116,BID978
AID2117,BID100
AID2117,BID1605
AID2117,BID1637
AID2117,BID2858
AID2118,BID1346
AID2119,BID2317
AID2120,BID1681
AID2120,BID628
AID2121,BID1091
AID2121,BID1537
AID2121,BID2355
AID2121,BID2894
AID2121,BID923
AID2122,BID1686
AID2122,BID1908
AID2123,BID313
AID2124,BID1764
AID2125,BID726
AID2126,BID1087
AID2127,BID1835
AID2127,BID1989
AID2128,BID1923
AID2128,BID2783
AID2129,BID1489
AID2130,BID706
AID2131,BID2574
AID2132,BID295
AID2132,BID745
AID2133,BID1817
AID2134,BID100
AID2134,BID1368
AID2134,BID774
AID2134,BID85
AID2134,BID881
AID2135,BID1484
AID2135,BID2804
AID2136,BID1078
AID2136,BID1453
AID2137,BID1670
AID2138,BID1997
AID2138,BID2566
AID2138,BID826
AID2139,BID1287
AID2139,BID1644
AID2139,BID1913
AID2139,BID698
AID2140,BID2980
AID2141,BID249
AID2142,BID1085
AID2142,BID1893
AID2142,BID2685
AID2142,BID400
AID2143,BID2220
AID2144,BID974
AID2145,BID754
AID2145,BID763
AID2146,BID1305
AID2146,BID2776
AID2146,BID660
AID2146,BID937
AID2147,BID160
AID2147,BID2147
AID2147,BID2793
AID2148,BID1188
AID2148,BID1283
AID2148,BID1660
AID2148,BID2484
AID2149,BID1029
AID2150,BID1613
AID2151,BID1402
AID2151,BID2369
AID2152,BID1383
AID2152,BID1569
AID2153,BID2150
AID2153,BID2217
AID2153,BID998
AID2154,BID2212
AID2154,BID976
AID2155,BID1729
AID2156,BID1698
AID2156,BID2469
AID2156,BID2615
AID2156,BID2652
AID2157,BID1538
AID2157,BID2463
AID2158,BID1082
AID2158,BID2323
AID2158,BID2635
AID2158,BID388
AID2159,BID1268
AID2160,BID1830
AID2160,BID2763
AID2161,BID226
AID2161,BID2468
AID2162,BID34
AID2163,BID1065
AID2163,BID2653
AID2164,BID2152
AID2164,BID2411
AID2165,BID2039
AID2166,BID858
AID2167,BID2571
AID2167,BID2610
AID2168,BID397
AID2168,BID944
AID2169,BID1147
AID2169,BID2172
AID2169,BID944
AID2170,BID2623
AID2171,BID1154
AID2171,BID972
AID2172,BID1461
AID2172,BID220
AID2172,BID2425
AID2172,BID322
AID2173,BID242
AID2174,BID1980
AID2175,BID1219
AID2175,BID143
AID2175,BID252
AID2175,BID362
AID2176,BID2762
AID2176,BID2973
AID2177,BID2667
AID2177,BID2975
AID2178,BID1053
AID2178,BID1952
AID2178,BID2004
AID2179,BID2172
AID2179,BID890
AID2180,BID1842
AID2180,BID2000
AID2180,BID2321
AID2181,BID73
AID2182,BID944
AID2183,BID1138
AID2183,BID2027
AID2184,BID1498
AID2185,BID1486
AID2185,BID2251
AID2185,BID322
AID2185,BID658
AID2186,BID502
AID2186,BID900
AID2187,BID1167
AID2187,BID1640
AID2187,BID2907
AID2188,BID1020
AID2189,BID1223
AID2189,BID2825
AID2190,BID2153
AID2190,BID243
AID2190,BID2864
AID2190,BID966
AID2191,BID423
AID2192,BID275
AID2192,BID2982
AID2193,BID2481
AID2193,BID517
AID2193,BID519
AID2193,BID939
AID2194,BID2929
AID2195,BID1947
AID2195,BID2013
AID2196,BID1768
AID2196,BID2767
AID2196,BID421
AID2196,BID906
AID2197,BID1465
AID2197,BID2211
AID2198,BID2139
AID2199,BID2503
AID2199,BID817
AID2200,BID1701
AID2200,BID1897
AID2201,BID1002
AID2201,BID1616
AID2201,BID1830
AID2201,BID323
AID2202,BID1006
AID2202,BID238
AID2202,BID2916
AID2202,BID582
AID2203,BID12
AID2204,BID2236
AID2205,BID1728
AID2205,BID2679
AID2206,BID1018
AID2206,BID1142
AID2207,BID172
AID2207,BID653
AID2207,BID891
AID2208,BID1349
AID2208,BID466
AID2209,BID2227
AID2210,BID10
AID2210,BID2461
AID2211,BID1645
AID2211,BID2549
AID2212,BID1486
AID2212,BID2074
AID2212,BID314
AID2212,BID914
AID2213,BID378
AID2214,BID1519
AID2215,BID360
AID2215,BID552
AID2216,BID1269
AID2216,BID1778
AID2216,BID2202
AID2216,BID2742
AID2217,BID1300
AID2217,BID2302
AID2218,BID1212
AID2218,BID249
AID2219,BID2325
AID2219,BID515
AID2220,BID16
AID2221,BID1308
AID2221,BID1718
AID2222,BID2021
AID2223,BID1638
AID2223,BID2211
AID2223,BID527
AID2224,BID1650
AID2224,BID382
AID2225,BID1846
AID2225,BID251
AID2226,BID1137
AID2226,BID271
AID2226,BID2753
AID2226,BID2861
AID2227,BID2600
AID2228,BID2176
AID2228,BID2280
AID2229,BID1450
AID2229,BID2936
AID2230,BID1653
AID2230,BID2096
AID2231,BID2351
AID2232,BID878
AID2233,BID112
AID2233,BID1442
AID2234,BID1482
AID2235,BID2407
AID2235,BID2455
AID2236,BID288
AID2236,BID756
AID2237,BID210
AID2237,BID624
AID2238,BID1925
AID2239,BID1087
AID2239,BID1389
AID2239,BID56
AID2239,BID770
AID2240,BID1150
AID2240,BID811
AID2241,BID257
AID2241,BID882
AID2242,BID2582
AID2243,BID2658
AID2244,BID1033
AID2244,BID1937
AID2244,BID2218
AID2244,BID2412
AID2244,BID581
AID2245,BID942
AID2246,BID2099
AID2246,BID2876
AID2247,BID2037
AID2247,BID597
AID2248,BID1757
AID2249,BID1151
AID2249,BID495
AID2250,BID1793
AID2250,BID2180
AID2251,BID114
AID2251,BID1607
AID2252,BID1008
AID2252,BID1935
AID2252,BID2224
AID2252,BID2465
AID2253,BID1823
AID2254,BID271
AID2255,BID2017
AID2256,BID2270
AID2256,BID383
AID2257,BID2290
AID2257,BID2455
AID2257,BID2716
AID2257,BID910
AID2258,BID1638
AID2259,BID596
AID2259,BID604
AID2260,BID625
AID2261,BID2312
AID2262,BID1921
AID2262,BID2184
AID2263,BID1828
AID2264,BID1052
AID2265,BID2954
AID2266,BID1531
AID2266,BID2041
AID2266,BID2655
AID2266,BID972
AID2267,BID102
AID2268,BID2963
AID2269,BID1095
AID2269,BID1102
AID2269,BID241
AID2269,BID2555
AID2270,BID972
AID2271,BID2549
AID2272,BID1431
AID2273,BID1490
AID2273,BID168
AID2273,BID273
AID2273,BID2797
AID2274,BID284
AID2274,BID315
AID2274,BID776
AID2275,BID2355
AID2275,BID2444
AID2276,BID1812
AID2277,BID1506
AID2278,BID114
AID2278,BID1548
AID2278,BID2386
AID2278,BID2736
AID2279,BID1816
AID2280,BID2969
AID2281,BID1431
AID2281,BID1858
AID2281,BID2082
AID2281,BID2467
AID2282,BID1741
AID2282,BID2601
AID2282,BID2640
AID2282,BID579
AID2283,BID1657
AID2284,BID2789
AID2285,BID2152
AID2286,BID1229
AID2287,BID1713
AID2287,BID362
AID2288,BID1051
AID2288,BID1700
AID2288,BID2487
AID2288,BID2545
AID2288,BID454
AID2289,BID2547
AID2290,BID2378
AID2290,BID37
AID2291,BID1801
AID2291,BID2503
AID2292,BID1426
AID2292,BID2667
AID2293,BID486
AID2293,BID930
AID2294,BID450
AID2295,BID382
AID2295,BID959
AID2296,BID1687
AID2296,BID2885
AID2297,BID1789
AID2297,BID220
AID2298,BID1151
AID2298,BID1786
AID2298,BID974
AID2299,BID1876
AID2299,BID361
AID2300,BID2687
AID2301,BID2755
AID2302,BID1900
AID2302,BID2186
AID2302,BID323
AID2302,BID580
AID2303,BID1074
AID2303,BID1189
AID2304,BID1586
AID2304,BID1721
AID2305,BID1777
AID2306,BID2853
AID2307,BID1521
AID2307,BID1900
AID2307,BID2697
AID2308,BID1136
AID2308,BID1979
AID2308,BID2963
AID2308,BID57
AID2309,BID1776
AID2310,BID1208
AID2310,BID469
AID2311,BID1085
AID2311,BID1602
AID2311,BID229
AID2311,BID2655
AID2312,BID1006
AID2312,BID2053
AID2312,BID2763
AID2312,BID280
AID2312,BID2826
AID2313,BID1721
AID2314,BID2037
AID2315,BID122
AID2315,BID2796
AID2316,BID2318
AID2317,BID2975
AID2317,BID56
AID2318,BID2354
AID2319,BID1814
AID2319,BID2578
AID2319,BID667
AID2319,BID973
AID2320,BID1278
AID2321,BID145
AID2321,BID2351
AID2322,BID308
AID2323,BID964
AID2324,BID1891
AID2324,BID921
AID2325,BID120
AID2325,BID2143
AID2326,BID436
AID2326,BID602
AID2327,BID2372
AID2328,BID1282
AID2328,BID2189
AID2329,BID1553
AID2329,BID1751
AID2329,BID2684
AID2329,BID489
AID2329,BID641
AID2330,BID878
AID2331,BID2189
AID2332,BID1162
AID2332,BID720
AID2333,BID632
AID2334,BID2003
AID2334,BID2717
AID2335,BID1648
AID2335,BID2979
AID2336,BID1715
AID2336,BID2796
AID2337,BID2833
AID2338,BID1035
AID2338,BID1748
AID2338,BID238
AID2338,BID666
AID2339,BID1542
AID2340,BID1205
AID2341,BID380
AID2342,BID1512
AID2342,BID1829
AID2343,BID1628
AID2343,BID2179
AID2344,BID2320
AID2344,BID2990
AID2345,BID2402
AID2346,BID495
AID2347,BID1336
AID2347,BID206
AID2347,BID2124
AID2347,BID2951
AID2347,BID889
AID2348,BID1721
AID2348,BID945
AID2349,BID2147
AID2349,BID2369
AID2350,BID388
AID2351,BID1799
AID2351,BID2901
AID2352,BID248
AID2352,BID2853
AID2352,BID449
AID2353,BID2567
AID2354,BID1061
AID2355,BID1980
AID2356,BID2967
AID2357,BID2044
AID2357,BID2121
AID2358,BID1318
AID2358,BID2411
AID2359,BID616
AID2359,BID931
AID2360,BID1278
AID2360,BID2130
AID2360,BID260
AID2360,BID2739
AID2361,BID1101
AID2361,BID1708
AID2361,BID195
AID2361,BID779
AID2362,BID2334
AID2363,BID2525
AID2363,BID2803
AID2363,BID641
AID2363,BID945
AID2364,BID458
AID2364,BID60
AID2365,BID2781
AID2366,BID971
AID2367,BID2162
AID2367,BID590
AID2368,BID1765
AID2368,BID340
AID2368,BID730
AID2369,BID2539
AID2369,BID2905
AID2370,BID229
AID2371,BID2624
AID2372,BID2178
AID2373,BID1717
AID2373,BID511
AID2374,BID1127
AID2374,BID1846
AID2375,BID1181
AID2375,BID1952
AID2375,BID1976
AID2375,BID2927
AID2375,BID808
AID2376,BID2533
AID2376,BID2997
AID2377,BID529
AID2378,BID1126
AID2378,BID1701
AID2379,BID1653
AID2379,BID1746
AID2380,BID2256
AID2381,BID1271
AID2381,BID2465
AID2382,BID733
AID2383,BID973
AID2384,BID2325
AID2385,BID2616
AID2385,BID69
AID2386,BID247
AID2386,BID943
AID2387,BID1001
AID2387,BID1219
AID2387,BID1786
AID2387,BID2567
AID2387,BID2718
AID2388,BID1137
AID2389,BID15
AID2389,BID2267
AID2389,BID2598
AID2389,BID593
AID2390,BID857
AID2391,BID235
AID2392,BID1868
AID2392,BID2206
AID2393,BID1662
AID2394,BID29
AID2395,BID1935
AID2395,BID2521
AID2396,BID1682
AID2397,BID2669
AID2397,BID2898
AID2398,BID2455
AID2399,BID1044
AID2399,BID2965
AID2399,BID299
AID2400,BID1595
AID2401,BID1081
AID2401,BID489
AID2401,BID927
AID2401,BID990
AID2402,BID2916
AID2403,BID1351
AID2403,BID2029
AID2404,BID1789
AID2404,BID2329
AID2405,BID1522
AID2406,BID1067
AID2406,BID2623
AID2407,BID140
AID2407,BID1442
AID2407,BID2064
AID2407,BID2857
AID2408,BID1605
AID2408,BID2562
AID2409,BID2208
AID2410,BID1353
AID2410,BID1564
AID2410,BID1637
AID2410,BID2667
AID2411,BID1397
AID2411,BID1924
AID2412,BID1630
AID2413,BID1096
AID2413,BID2435
AID2413,BID89
AID2414,BID1338
AID2414,BID858
AID2415,BID2905
AID2416,BID1642
AID2416,BID2499
AID2417,BID2545
AID2418,BID1348
AID2418,BID2684
AID2418,BID555
AID2418,BID6
AID2419,BID2377
AID2419,BID2495
AID2420,BID1230
AID2420,BID1811
AID2420,BID2468
AID2420,BID80
AID2421,BID1248
AID2421,BID1693
AID2422,BID1153
AID2422,BID2988
AID2422,BID954
AID2422,BID978
AID2423,BID1151
AID2423,BID670
AID2424,BID2003
AID2425,BID1199
AID2426,BID89
AID2427,BID1843
AID2428,BID760
AID2429,BID2017
AID2429,BID2397
AID2430,BID254
AID2430,BID912
AID2431,BID646
AID2432,BID180
AID2432,BID831
AID2433,BID2315
AID2433,BID2587
AID2434,BID1150
AID2434,BID2146
AID2435,BID1438
AID2435,BID149
AID2435,BID1825
AID2435,BID2239
AID2435,BID2937
AID2436,BID2613
AID2436,BID901
AID2437,BID1788
AID2437,BID2233
AID2438,BID1552
AID2438,BID1629
AID2438,BID2302
AID2438,BID2812
AID2439,BID1354
AID2439,BID1405
AID2439,BID1696
AID2439,BID987
AID2440,BID1000
AID2440,BID1492
AID2441,BID843
AID2442,BID1781
AID2443,BID2165
AID2444,BID2351
AID2444,BID982
AID2445,BID1352
AID2445,BID984
AID2446,BID2267
AID2446,BID979
AID2447,BID647
AID2448,BID692
AID2449,BID711
AID2449,BID870
AID2450,BID2627
AID2450,BID917
AID2451,BID1045
AID2452,BID2647
AID2453,BID1147
AID2454,BID1751
AID2454,BID1954
AID2455,BID2021
AID2456,BID1503
AID2456,BID2169
AID2456,BID746
AID2456,BID884
AID2457,BID1619
AID2458,BID848
AID2458,BID957
AID2459,BID642
AID2460,BID1130
AID2460,BID1252
AID2460,BID1396
AID2460,BID1465
AID2460,BID533
AID2461,BID1857
AID2461,BID2062
AID2462,BID2110
AID2462,BID848
AID2463,BID1199
AID2463,BID2148
AID2463,BID2678
AID2463,BID862
AID2464,BID1496
AID2465,BID1914
AID2465,BID2357
AID2465,BID2492
AID2466,BID2744
AID2467,BID1254
AID2467,BID2788
AID2468,BID800
AID2469,BID2614
AID2470,BID1855
AID2470,BID2831
AID2471,BID2142
AID2471,BID2384
AID2472,BID2006
AID2472,BID395
AID2472,BID431
AID2473,BID2202
AID2473,BID2845
AID2474,BID149
AID2474,BID208
AID2474,BID2565
AID2475,BID2267
AID2476,BID1041
AID2476,BID242
AID2476,BID2592
AID2476,BID2809
AID2476,BID499
AID2477,BID1524
AID2478,BID1893
AID2478,BID2817
AID2479,BID2267
AID2480,BID106
AID2480,BID1868
AID2480,BID2654
AID2480,BID441
AID2480,BID463
AID2481,BID1936
AID2481,BID2580
AID2482,BID1390
AID2482,BID819
AID2483,BID1597
AID2483,BID220
AID2483,BID2905
AID2483,BID589
AID2484,BID1815
AID2484,BID298
AID2484,BID357
AID2484,BID720
AID2485,BID2404
AID2486,BID1923
AID2486,BID448
AID2486,BID505
AID2486,BID727
AID2487,BID1889
AID2488,BID1851
AID2488,BID2688
AID2489,BID1502
AID2489,BID302
AID2490,BID161
AID2491,BID1637
AID2491,BID238
AID2492,BID1651
AID2493,BID2579
AID2493,BID97
AID2494,BID2759
AID2494,BID733
AID2495,BID1290
AID2495,BID1518
AID2496,BID2938
AID2497,BID398
AID2498,BID1480
AID2499,BID854
AID2500,BID1226
AID2500,BID2016
AID2500,BID2065
AID2500,BID602
AID2500,BID889
AID2501,BID1004
AID2501,BID411
AID2502,BID1806
AID2502,BID693
AID2503,BID1944
AID2504,BID2765
AID2505,BID2607
AID2505,BID2870
AID2506,BID346
AID2507,BID462
AID2507,BID683
AID2508,BID1864
AID2508,BID2251
AID2509,BID234
AID2509,BID493
AID2509,BID889
AID2509,BID897
AID2510,BID2989
AID2510,BID783
AID2510,BID840
AID2510,BID929
AID2511,BID1098
AID2511,BID1298
AID2511,BID1940
AID2511,BID338
AID2512,BID1633
AID2512,BID2340
AID2513,BID864
AID2514,BID1224
AID2514,BID1367
AID2514,BID1604
AID2514,BID1975
AID2514,BID300
AID2515,BID1277
AID2515,BID1280
AID2515,BID2064
AID2515,BID2752
AID2515,BID2950
AID2516,BID159
AID2516,BID265
AID2517,BID2691
AID2518,BID1540
AID2519,BID2931
AID2519,BID445
AID2520,BID817
AID2521,BID2566
AID2522,BID14
AID2523,BID1367
AID2523,BID2123
AID2523,BID343
AID2523,BID937
AID2524,BID1304
AID2525,BID1493
AID2526,BID2839
AID2526,BID753
AID2527,BID692
AID2527,BID813
AID2528,BID497
AID2529,BID1261
AID2529,BID884
AID2530,BID1126
AID2530,BID1893
AID2530,BID641
AID2531,BID1251
AID2532,BID2480
AID2533,BID1386
AID2533,BID378
AID2534,BID1543
AID2534,BID856
AID2535,BID2887
AID2536,BID1164
AID2536,BID139
AID2536,BID1987
AID2537,BID621
AID2538,BID1582
AID2538,BID1586
AID2538,BID1823
AID2538,BID1982
AID2538,BID766
AID2539,BID2307
AID2539,BID2869
AID2540,BID2268
AID2540,BID515
AID2541,BID2608
AID2541,BID415
AID2542,BID1548
AID2542,BID943
AID2543,BID1421
AID2543,BID2898
AID2544,BID2510
AID2544,BID2965
AID2545,BID1219
AID2546,BID2553
AID2546,BID2666
AID2547,BID1104
AID2547,BID2574
AID2547,BID2605
AID2547,BID35
AID2547,BID727
AID2548,BID1208
AID2548,BID601
AID2549,BID1733
AID2549,BID2808
AID2550,BID1073
AID2550,BID1690
AID2550,BID2586
AID2550,BID711
AID2550,BID928
AID2551,BID1343
AID2552,BID1314
AID2552,BID2672
AID2553,BID1873
AID2554,BID1473
AID2554,BID726
AID2555,BID1282
AID2555,BID1640
AID2555,BID1895
AID2555,BID218
AID2555,BID239
AID2556,BID1480
AID2556,BID246
AID2557,BID1044
AID2557,BID296
AID2558,BID1025
AID2558,BID2409
AID2559,BID1307
AID2559,BID244
AID2560,BID1632
AID2560,BID675
AID2561,BID2003
AID2561,BID576
AID2562,BID1819
AID2562,BID2143
AID2563,BID2181
AID2563,BID2690
AID2563,BID94
AID2564,BID127
AID2564,BID2641
AID2564,BID2750
AID2564,BID327
AID2564,BID381
AID2565,BID2142
AID2565,BID851
AID2566,BID1843
AID2566,BID2285
AID2566,BID2868
AID2566,BID368
AID2567,BID2421
AID2568,BID1091
AID2568,BID1622
AID2568,BID1658
AID2568,BID2379
AID2569,BID2656
AID2570,BID1101
AID2570,BID1330
AID2571,BID1785
AID2572,BID1610
AID2572,BID1662
AID2572,BID2735
AID2573,BID1360
AID2573,BID1425
AID2574,BID230
AID2575,BID546
AID2576,BID1492
AID2576,BID2597
AID2576,BID2760
AID2576,BID527
AID2577,BID1652
AID2577,BID2357
AID2578,BID2520
AID2578,BID310
AID2579,BID1825
AID2580,BID630
AID2581,BID1316
AID2581,BID2563
AID2582,BID2762
AID2583,BID1404
AID2584,BID1391
AID2585,BID1580
AID2585,BID2703
AID2585,BID549
AID2585,BID629
AID2585,BID894
AID2586,BID1730
AID2586,BID2160
AID2587,BID626
AID2588,BID2360
AID2588,BID2648
AID2588,BID2929
AID2588,BID2990
AID2588,BID303
AID2589,BID1050
AID2589,BID1442
AID2589,BID720
AID2589,BID842
AID2590,BID1617
AID2591,BID1102
AID2591,BID2234
AID2592,BID467
AID2593,BID193
AID2593,BID2282
AID2593,BID309
AID2593,BID428
AID2593,BID717
AID2594,BID304
AID2595,BID2245
AID2596,BID888
AID2597,BID1464
AID2597,BID1959
AID2597,BID2013
AID2598,BID1321
AID2599,BID117
AID2600,BID1004
AID2600,BID1052
AID2600,BID1275
AID2600,BID1459
AID2601,BID2116
AID2602,BID1164
AID2602,BID1659
AID2602,BID2986
AID2602,BID982
AID2603,BID1232
AID2603,BID2547
AID2604,BID2342
AID2604,BID784
AID2605,BID1188
AID2605,BID1278
AID2605,BID1514
AID2605,BID1897
AID2605,BID2725
AID2606,BID1668
AID2606,BID2124
AID2607,BID1545
AID2607,BID1547
AID2607,BID33
AID2607,BID486
AID2608,BID2799
AID2609,BID469
AID2609,BID545
AID2609,BID612
AID2609,BID615
AID2610,BID103
AID2610,BID1149
AID2611,BID2509
AID2611,BID2538
AID2611,BID283
AID2611,BID423
AID2612,BID1348
AID2612,BID1781
AID2613,BID2091
AID2614,BID1279
AID2614,BID1381
AID2615,BID381
AID2616,BID510
AID2617,BID1897
AID2617,BID2598
AID2618,BID1066
AID2618,BID155
AID2618,BID1962
AID2618,BID883
AID2619,BID2610
AID2619,BID2904
AID2619,BID728
AID2619,BID950
AID2620,BID542
AID2620,BID892
AID2620,BID94
AID2621,BID2111
AID2622,BID756
AID2623,BID381
AID2624,BID1722
AID2625,BID37
AID2626,BID2269
AID2626,BID2859
AID2627,BID1535
AID2627,BID208
AID2627,BID2318
AID2627,BID333
AID2627,BID564
AID2628,BID130
AID2628,BID2327
AID2629,BID882
AID2630,BID1953
AID2630,BID1965
AID2631,BID1333
AID2631,BID2115
AID2631,BID2295
AID2632,BID1261
AID2632,BID1544
AID2633,BID171
AID2634,BID317
AID2635,BID1597
AID2635,BID1829
AID2635,BID2244
AID2635,BID2939
AID2635,BID531
AID2636,BID1737
AID2636,BID2041
AID2636,BID51
AID2636,BID828
AID2637,BID676
AID2637,BID905
AID2638,BID1712
AID2638,BID644
AID2639,BID2976
AID2640,BID1303
AID2640,BID2106
AID2640,BID2133
AID2640,BID964
AID2641,BID1149
AID2641,BID273
AID2641,BID2736
AID2642,BID1942
AID2642,BID2997
AID2643,BID2595
AID2644,BID1147
AID2644,BID14
AID2645,BID1521
AID2645,BID2944
AID2646,BID1141
AID2646,BID1598
AID2646,BID1820
AID2647,BID1072
AID2647,BID2217
AID2647,BID2525
AID2647,BID2548
AID2648,BID1675
AID2649,BID469
AID2650,BID1206
AID2650,BID1747
AID2651,BID406
AID2651,BID530
AID2652,BID2256
AID2653,BID2319
AID2654,BID1394
AID2654,BID1714
AID2654,BID630
AID2655,BID20
AID2655,BID900
AID2656,BID178
AID2656,BID2905
AID2657,BID2199
AID2658,BID1488
AID2658,BID2002
AID2659,BID3000
AID2659,BID855
AID2660,BID1961
AID2661,BID1294
AID2662,BID946
AID2663,BID1653
AID2664,BID1101
AID2664,BID2401
AID2665,BID2982
AID2666,BID197
AID2666,BID2928
AID2667,BID1033
AID2667,BID2515
AID2667,BID2781
AID2667,BID96
AID2668,BID1483
AID2668,BID2403
AID2669,BID1726
AID2669,BID2366
AID2670,BID1215
AID2670,BID2307
AID2671,BID2008
AID2671,BID253
AID2672,BID577
AID2673,BID448
AID2674,BID1841
AID2675,BID24
AID2675,BID2729
AID2676,BID2038
AID2677,BID2048
AID2677,BID2994
AID2678,BID1412
AID2678,BID2210
AID2679,BID1061
AID2679,BID223
AID2679,BID2844
AID2679,BID469
AID2680,BID1016
AID2681,BID35
AID2682,BID2359
AID2683,BID2344
AID2683,BID679
AID2684,BID2572
AID2684,BID780
AID2685,BID287
AID2685,BID835
AID2686,BID2549
AID2686,BID299
AID2687,BID2777
AID2687,BID2880
AID2688,BID2847
AID2689,BID517
AID2690,BID1857
AID2690,BID437
AID2691,BID1682
AID2692,BID125
AID2692,BID1996
AID2692,BID2219
AID2692,BID2495
AID2692,BID84
AID2693,BID1469
AID2693,BID1620
AID2693,BID398
AID2694,BID1560
AID2694,BID1884
AID2695,BID2610
AID2695,BID451
AID2696,BID1731
AID2696,BID2063
AID2696,BID2675
AID2696,BID2887
AID2696,BID755
AID2697,BID373
AID2698,BID513
AID2699,BID1368
AID2700,BID1851
AID2700,BID742
AID2701,BID2594
AID2702,BID2462
AID2702,BID564
AID2703,BID1249
AID2704,BID2318
AID2705,BID1645
AID2705,BID1836
AID2706,BID1078
AID2706,BID180
AID2707,BID2006
AID2708,BID1231
AID2708,BID2999
AID2709,BID2394
AID2709,BID839
AID2710,BID2270
AID2710,BID232
AID2710,BID267
AID2710,BID836
AID2710,BID845
AID2711,BID2235
AID2712,BID1963
AID2712,BID2242
AID2712,BID453
AID2712,BID713
AID2713,BID2086
AID2714,BID1712
AID2714,BID2201
AID2715,BID2342
AID2715,BID245
AID2715,BID611
AID2716,BID2095
AID2717,BID2307
AID2717,BID52
AID2718,BID1101
AID2718,BID2742
AID2719,BID665
AID2719,BID906
AID2720,BID2844
AID2720,BID98
AID2721,BID1232
AID2721,BID1378
AID2722,BID1466
AID2722,BID2874
AID2723,BID1574
AID2724,BID2379
AID2725,BID543
AID2725,BID91
AID2726,BID289
AID2727,BID797
AID2728,BID1257
AID2728,BID1517
AID2728,BID284
AID2728,BID2879
AID2728,BID581
AID2729,BID1748
AID2729,BID2931
AID2730,BID171
AID2730,BID2332
AID2731,BID1635
AID2732,BID1485
AID2733,BID1982
AID2733,BID748
AID2734,BID2266
AID2735,BID1515
AID2735,BID1716
AID2736,BID1638
AID2736,BID2091
AID2737,BID2138
AID2737,BID2381
AID2738,BID555
AID2739,BID2775
AID2739,BID491
AID2740,BID2344
AID2740,BID470
AID2741,BID230
AID2742,BID32
AID2742,BID36
AID2743,BID1718
AID2743,BID2275
AID2743,BID2666
AID2744,BID1671
AID2744,BID1864
AID2744,BID1932
AID2744,BID2967
AID2745,BID1233
AID2746,BID1441
AID2746,BID286
AID2747,BID1679
AID2747,BID341
AID2747,BID451
AID2748,BID1184
AID2748,BID1304
AID2748,BID2591
AID2748,BID2711
AID2749,BID1234
AID2749,BID667
AID2749,BID993
AID2750,BID474
AID2751,BID1284
AID2751,BID213
AID2752,BID1156
AID2753,BID656
AID2753,BID688
AID2754,BID1840
AID2755,BID1565
AID2755,BID2534
AID2756,BID2017
AID2756,BID2110
AID2757,BID11
AID2758,BID1586
AID2758,BID1811
AID2758,BID3000
AID2758,BID634
AID2759,BID1859
AID2759,BID2693
AID2760,BID2094
AID2761,BID1215
AID2761,BID734
AID2762,BID2828
AID2762,BID297
AID2763,BID1838
AID2763,BID2062
AID2764,BID1078
AID2764,BID1453
AID2764,BID1516
AID2764,BID367
AID2765,BID434
AID2766,BID853
AID2766,BID887
AID2767,BID2271
AID2767,BID2490
AID2767,BID2584
AID2768,BID1124
AID2768,BID1636
AID2768,BID1746
AID2768,BID1872
AID2768,BID990
AID2769,BID1824
AID2769,BID369
AID2769,BID587
AID2770,BID1353
AID2770,BID1491
AID2770,BID1937
AID2770,BID2485
AID2771,BID1934
AID2771,BID8
AID2772,BID2415
AID2772,BID657
AID2773,BID143
AID2773,BID1585
AID2774,BID1319
AID2774,BID1496
AID2775,BID328
AID2776,BID1758
AID2777,BID1149
AID2777,BID1981
AID2778,BID1948
AID2778,BID2524
AID2778,BID2572
AID2779,BID278
AID2779,BID2968
AID2780,BID1107
AID2780,BID1281
AID2780,BID154
AID2780,BID941
AID2781,BID2552
AID2782,BID1231
AID2783,BID1987
AID2783,BID928
AID2784,BID1195
AID2784,BID1449
AID2784,BID234
AID2784,BID2770
AID2784,BID985
AID2785,BID1012
AID2785,BID2279
AID2785,BID2501
AID2785,BID798
AID2786,BID2518
AID2787,BID2075
AID2788,BID1600
AID2788,BID883
AID2789,BID735
AID2790,BID1272
AID2790,BID766
AID2791,BID2030
AID2791,BID2606
AID2792,BID562
AID2793,BID110
AID2793,BID1490
AID2794,BID1955
AID2794,BID2255
AID2794,BID2394
AID2794,BID2501
AID2794,BID649
AID2795,BID725
AID2796,BID2524
AID2796,BID739
AID2797,BID1896
AID2798,BID426
AID2799,BID2228
AID2799,BID758
AID2800,BID1835
AID2800,BID2163
AID2801,BID1424
AID2801,BID2985
AID2802,BID1021
AID2803,BID1000
AID2803,BID1842
AID2804,BID2345
AID2805,BID343
AID2806,BID1047
AID2806,BID2080
AID2807,BID2072
AID2807,BID2524
AID2808,BID410
AID2809,BID1714
AID2810,BID2004
AID2810,BID2410
AID2811,BID1976
AID2812,BID1353
AID2812,BID721
AID2813,BID2570
AID2814,BID1310
AID2814,BID2741
AID2814,BID784
AID2815,BID1247
AID2816,BID1461
AID2817,BID767
AID2817,BID847
AID2818,BID2741
AID2819,BID2296
AID2819,BID2457
AID2820,BID869
AID2821,BID1584
AID2822,BID2255
AID2822,BID2831
AID2822,BID2982
AID2822,BID838
AID2823,BID2722
AID2823,BID915
AID2824,BID227
AID2824,BID2930
AID2824,BID2948
AID2824,BID467
AID2825,BID2455
AID2826,BID1518
AID2826,BID2761
AID2827,BID1568
AID2827,BID2157
AID2827,BID2458
AID2827,BID2795
AID2828,BID291
AID2829,BID670
AID2830,BID1045
AID2831,BID2694
AID2832,BID1361
AID2832,BID2087
AID2832,BID474
AID2833,BID1247
AID2833,BID2420
AID2833,BID501
AID2833,BID607
AID2834,BID2082
AID2835,BID61
AID2836,BID323
AID2836,BID721
AID2837,BID512
AID2837,BID603
AID2838,BID1033
AID2838,BID1330
AID2838,BID841
AID2839,BID120
AID2840,BID1220
AID2841,BID2229
AID2842,BID1529
AID2842,BID2961
AID2843,BID2966
AID2843,BID496
AID2844,BID2259
AID2844,BID2599
AID2845,BID1526
AID2845,BID787
AID2846,BID1475
AID2847,BID1051
AID2847,BID1092
AID2847,BID2895
AID2847,BID2949
AID2848,BID1618
AID2848,BID380
AID2849,BID1233
AID2850,BID2284
AID2851,BID2193
AID2851,BID74
AID2852,BID1000
AID2852,BID1359
AID2852,BID2708
AID2852,BID362
AID2852,BID940
AID2853,BID1912
AID2854,BID3
AID2854,BID83
AID2855,BID2908
AID2856,BID1458
AID2856,BID2365
AID2856,BID2673
AID2856,BID285
AID2856,BID684
AID2857,BID314
AID2858,BID2243
AID2859,BID1605
AID2859,BID2148
AID2859,BID2254
AID2859,BID2697
AID2859,BID859
AID2860,BID2611
AID2861,BID2544
AID2862,BID1285
AID2862,BID1802
AID2863,BID2524
AID2863,BID2766
AID2864,BID1401
AID2865,BID2045
AID2866,BID2710
AID2866,BID2823
AID2867,BID1099
AID2868,BID1485
AID2869,BID1803
AID2870,BID370
AID2870,BID391
AID2871,BID1037
AID2871,BID1109
AID2871,BID1745
AID2871,BID2820
AID2872,BID562
AID2873,BID2007
AID2874,BID545
AID2874,BID842
AID2875,BID1066
AID2876,BID2696
AID2877,BID2413
AID2877,BID2905
AID2878,BID1375
AID2878,BID2388
AID2878,BID2588
AID2878,BID384
AID2879,BID1833
AID2879,BID2874
AID2880,BID2193
AID2881,BID1402
AID2881,BID1524
AID2881,BID389
AID2881,BID706
AID2882,BID288
AID2883,BID2231
AID2884,BID2052
AID2885,BID2501
AID2886,BID2542
AID2886,BID779
AID2887,BID190
AID2888,BID328
AID2889,BID1028
AID2889,BID737
AID2890,BID2378
AID2890,BID2847
AID2891,BID81
AID2892,BID1556
AID2892,BID2566
AID2893,BID1882
AID2893,BID2602
AID2894,BID1696
AID2895,BID2429
AID2896,BID157
AID2896,BID2500
AID2897,BID2645
AID2897,BID64
AID2898,BID1597
AID2898,BID1870
AID2899,BID2039
AID2899,BID2158
AID2900,BID982
AID2901,BID1983
AID2901,BID2691
AID2902,BID898
AID2903,BID1266
AID2903,BID640
AID2904,BID2391
AID2905,BID282
AID2906,BID1031
AID2906,BID2597
AID2906,BID2676
AID2906,BID317
AID2907,BID1323
AID2908,BID1786
AID2908,BID267
AID2908,BID549
AID2908,BID752
AID2908,BID838
AID2909,BID1618
AID2910,BID2618
AID2910,BID2721
AID2911,BID1275
AID2911,BID216
AID2912,BID2938
AID2913,BID2619
AID2914,BID1405
AID2915,BID1746
AID2915,BID548
AID2916,BID1040
AID2916,BID493
AID2917,BID1312
AID2917,BID1322
AID2917,BID2154
AID2918,BID2003
AID2919,BID1944
AID2919,BID2449
AID2920,BID1839
AID2920,BID1851
AID2920,BID2665
AID2920,BID2836
AID2921,BID1585
AID2921,BID2698
AID2922,BID1234
AID2922,BID525
AID2923,BID2305
AID2923,BID31
AID2924,BID323
AID2925,BID1735
AID2925,BID1833
AID2925,BID243
AID2925,BID590
AID2925,BID731
AID2926,BID1184
AID2926,BID2973
AID2927,BID358
AID2927,BID360
AID2928,BID2306
AID2928,BID2352
AID2929,BID720
AID2930,BID1943
AID2931,BID1905
AID2932,BID386
AID2933,BID1733
AID2934,BID1649
AID2934,BID982
AID2935,BID1000
AID2935,BID1393
AID2935,BID1861
AID2935,BID2860
AID2935,BID904
AID2936,BID2837
AID2937,BID1266
AID2937,BID1416
AID2937,BID29
AID2937,BID302
AID2938,BID685
AID2939,BID2148
AID2940,BID2218
AID2941,BID145
AID2941,BID1750
AID2942,BID1235
AID2942,BID1303
AID2942,BID21
AID2942,BID714
AID2943,BID1228
AID2944,BID2079
AID2944,BID379
AID2944,BID720
AID2944,BID782
AID2945,BID51
AID2946,BID1569
AID2946,BID1620
AID2946,BID168
AID2946,BID678
AID2947,BID1170
AID2947,BID1705
AID2948,BID1600
AID2948,BID444
AID2949,BID1236
AID2950,BID2547
AID2951,BID801
AID2952,BID102
AID2952,BID1404
AID2952,BID261
AID2953,BID2354
AID2954,BID279
AID2955,BID2787
AID2956,BID1326
AID2956,BID1676
AID2956,BID1981
AID2957,BID2910
AID2957,BID43
AID2958,BID1744
AID2959,BID1398
AID2959,BID2077
AID2960,BID2059
AID2960,BID411
AID2961,BID746
AID2962,BID2321
AID2963,BID1756
AID2963,BID1875
AID2964,BID2916
AID2964,BID388
AID2965,BID303
AID2965,BID798
AID2966,BID1104
AID2966,BID2833
AID2967,BID2325
AID2968,BID180
AID2968,BID2332
AID2969,BID166
AID2969,BID2560
AID2970,BID1310
AID2971,BID2636
AID2971,BID2916
AID2972,BID1435
AID2972,BID1927
AID2973,BID1127
AID2973,BID1831
AID2974,BID2535
AID2975,BID1896
AID2975,BID2320
AID2975,BID2720
AID2975,BID281
AID2976,BID1373
AID2977,BID2136
AID2978,BID205
AID2978,BID2405
AID2978,BID885
AID2979,BID1248
AID2979,BID1399
AID2979,BID2649
AID2979,BID80
AID2980,BID2603
AID2981,BID2013
AID2981,BID914
AID2982,BID1131
AID2983,BID1890
AID2983,BID2100
AID2983,BID2931
AID2983,BID406
AID2984,BID2585
AID2985,BID1410
AID2985,BID2139
AID2985,BID248
AID2985,BID399
AID2986,BID2097
AID2986,BID2996
AID2987,BID1597
AID2987,BID2106
AID2987,BID214
AID2987,BID2271
AID2987,BID233
AID2988,BID118
AID2988,BID1346
AID2989,BID2521
AID2990,BID1818
AID2990,BID2361
AID2991,BID1401
AID2992,BID1023
AID2992,BID1840
AID2992,BID2471
AID2992,BID2762
AID2992,BID370
AID2993,BID1432
AID2993,BID1515
AID2994,BID580
AID2995,BID1705
AID2995,BID2372
AID2995,BID2848
AID2995,BID385
AID2996,BID2567
AID2996,BID799
AID2997,BID1865
AID2997,BID1943
AID2998,BID1545
AID2998,BID1548
AID2998,BID2829
AID2998,BID994
AID2999,BID1300
AID2999,BID2246
AID2999,BID29
AID3000,BID2086
AID3000,BID2410
